"district.number","district.name","province","year","WinningParty","LiberalVotes","ConservativeVotes","NDPVotes","BlocVotes","GreenVotes","PeoplesVotes","IndependentVotes","OtherVotes","votes","LiberalShare","ConservativeShare","NDPShare","BlocShare","GreenShare","IndependentShare","OtherShare"
10001,"Avalon","NL","2015","Liberal",23528,4670,6075,0,228,0,0,7585,42086,55.9,11.1,14.4,0,0.5,0,18
10002,"Bonavista--Burin--Trinity","NL","2015","Liberal",28704,3534,2557,0,297,0,0,0,35092,81.8,10.1,7.3,0,0.8,0,0
10003,"Coast of Bays--Central--Notre Dame","NL","2015","Liberal",26523,6479,2175,0,271,0,0,0,35448,74.8,18.3,6.1,0,0.8,0,0
10004,"Labrador","NL","2015","Liberal",8878,1716,1779,0,0,0,0,0,12373,71.8,13.9,14.4,0,0,0,0
10005,"Long Range Mountains","NL","2015","Liberal",30889,5085,4739,0,1111,0,0,0,41824,73.9,12.2,11.3,0,2.7,0,0
10006,"St. John's East","NL","2015","Liberal",20974,2938,20328,0,500,0,0,140,44880,46.7,6.5,45.3,0,1.1,0,0.3
10007,"St. John's South--Mount Pearl","NL","2015","Liberal",25922,2047,16467,0,365,0,0,0,44801,57.9,4.6,36.8,0,0.8,0,0
11001,"Cardigan","PEI","2015","Liberal",14621,3632,2503,0,1434,0,0,295,22485,65,16.2,11.1,0,6.4,0,1.3
11002,"Charlottetown","PEI","2015","Liberal",11910,3136,4897,0,1222,0,0,0,21165,56.3,14.8,23.1,0,5.8,0,0
11003,"Egmont","PEI","2015","Liberal",10521,6185,4097,0,559,0,0,0,21362,49.3,29,19.2,0,2.6,0,0
11004,"Malpeque","PEI","2015","Liberal",13950,3947,2509,0,2066,0,0,0,22472,62.1,17.6,11.2,0,9.2,0,0
12001,"Cape Breton--Canso","NS","2015","Liberal",32163,6246,3547,0,1281,0,0,0,43237,74.4,14.4,8.2,0,3,0,0
12002,"Central Nova","NS","2015","Liberal",25909,11418,4532,0,1834,0,570,0,44263,58.5,25.8,10.2,0,4.1,1.3,0
12003,"Cumberland--Colchester","NS","2015","Liberal",29527,12257,2647,0,1650,0,251,0,46332,63.7,26.5,5.7,0,3.6,0.5,0
12004,"Dartmouth--Cole Harbour","NS","2015","Liberal",30407,7331,12757,0,1775,0,0,0,52270,58.2,14,24.4,0,3.4,0,0
12005,"Halifax","NS","2015","Liberal",27431,4564,19162,0,1745,0,0,130,53032,51.7,8.6,36.1,0,3.3,0,0.2
12006,"Halifax West","NS","2015","Liberal",34377,7837,5894,0,1971,0,0,0,50079,68.6,15.6,11.8,0,3.9,0,0
12007,"Kings--Hants","NS","2015","Liberal",33026,8677,2998,0,1569,0,232,184,46686,70.7,18.6,6.4,0,3.4,0.5,0.4
12008,"Sackville--Preston--Chezzetcook","NS","2015","Liberal",23161,7186,16613,0,1341,0,0,0,48301,48,14.9,34.4,0,2.8,0,0
12009,"South Shore--St. Margarets","NS","2015","Liberal",30045,11905,8883,0,1534,0,257,151,52775,56.9,22.6,16.8,0,2.9,0.5,0.3
12010,"Sydney--Victoria","NS","2015","Liberal",29995,4360,5351,0,1026,0,0,242,40974,73.2,10.6,13.1,0,2.5,0,0.6
12011,"West Nova","NS","2015","Liberal",28775,11916,3084,0,1904,0,0,0,45679,63,26.1,6.8,0,4.2,0,0
13001,"Acadie--Bathurst","NB","2015","Liberal",25845,3852,20079,0,1187,0,0,0,50963,50.7,7.6,39.4,0,2.3,0,0
13002,"Beauséjour","NB","2015","Liberal",36534,6017,8009,0,2376,0,0,0,52936,69,11.4,15.1,0,4.5,0,0
13003,"Fredericton","NB","2015","Liberal",23016,13280,4622,0,5804,0,0,0,46722,49.3,28.4,9.9,0,12.4,0,0
13004,"Fundy Royal","NB","2015","Liberal",19136,17361,8204,0,1823,0,296,0,46820,40.9,37.1,17.5,0,3.9,0.6,0
13005,"Madawaska--Restigouche","NB","2015","Liberal",20778,6151,9670,0,707,0,0,0,37306,55.7,16.5,25.9,0,1.9,0,0
13006,"Miramichi--Grand Lake","NB","2015","Liberal",17202,12476,5588,0,1098,0,0,0,36364,47.3,34.3,15.4,0,3,0,0
13007,"Moncton--Riverview--Dieppe","NB","2015","Liberal",30054,11168,8420,0,2399,0,0,0,52041,57.8,21.5,16.2,0,4.6,0,0
13008,"New Brunswick Southwest","NB","2015","Liberal",16656,14625,4768,0,1877,0,0,0,37926,43.9,38.6,12.6,0,4.9,0,0
13009,"Saint John--Rothesay","NB","2015","Liberal",20634,12915,7411,0,1321,0,0,0,42281,48.8,30.5,17.5,0,3.1,0,0
13010,"Tobique--Mactaquac","NB","2015","Liberal",17909,14225,4334,0,1959,0,0,0,38427,46.6,37,11.3,0,5.1,0,0
24001,"Abitibi--Baie-James--Nunavik--Eeyou","QB","2015","NDP",11094,3211,12778,6398,779,0,0,258,34518,32.1,9.3,37,18.5,2.3,0,0.7
24002,"Abitibi--Témiscamingue","QB","2015","NDP",14733,3425,20636,9651,859,0,0,425,49729,29.6,6.9,41.5,19.4,1.7,0,0.9
24003,"Ahuntsic-Cartierville","QB","2015","Liberal",26026,4051,16684,7346,1175,0,0,285,55567,46.8,7.3,30,13.2,2.1,0,0.5
24004,"Alfred-Pellan","QB","2015","Liberal",24557,6259,13225,9836,1089,0,203,0,55169,44.5,11.3,24,17.8,2,0.4,0
24005,"Argenteuil--La Petite-Nation","QB","2015","Liberal",22093,5680,12650,9525,1118,0,0,0,51066,43.3,11.1,24.8,18.7,2.2,0,0
24006,"Avignon--La Mitis--Matane--Matapédia","QB","2015","Liberal",14378,2228,7340,7641,365,0,0,4404,36356,39.5,6.1,20.2,21,1,0,12.1
24007,"Beauce","QB","2015","Conservative",12442,32910,5443,4144,943,0,0,0,55882,22.3,58.9,9.7,7.4,1.7,0,0
24008,"Beauport--Limoilou","QB","2015","Conservative",12854,15461,12881,7467,1220,0,0,675,50558,25.4,30.6,25.5,14.8,2.4,0,1.3
24009,"Bécancour--Nicolet--Saurel","QB","2015","Bloc",12666,5955,11531,20871,1182,0,0,0,52205,24.3,11.4,22.1,40,2.3,0,0
24010,"Bellechasse--Les Etchemins--Lévis","QB","2015","Conservative",12961,31872,8516,7217,2032,0,0,0,62598,20.7,50.9,13.6,11.5,3.2,0,0
24011,"Beloeil--Chambly","QB","2015","NDP",19494,6173,20641,18387,1498,0,0,245,66438,29.3,9.3,31.1,27.7,2.3,0,0.4
24012,"Berthier--Maskinongé","QB","2015","NDP",11032,5548,22942,14037,847,0,0,0,54406,20.3,10.2,42.2,25.8,1.6,0,0
24013,"Thérèse-De Blainville","QB","2015","Liberal",18281,7000,14022,15238,1352,0,0,355,56248,32.5,12.4,24.9,27.1,2.4,0,0.6
24014,"Pierre-Boucher--Les Patriotes--Verchères","QB","2015","Bloc",16794,6079,14454,17007,5056,0,0,0,59390,28.3,10.2,24.3,28.6,8.5,0,0
24015,"Bourassa","QB","2015","Liberal",22234,3819,6144,7049,886,0,669,328,41129,54.1,9.3,14.9,17.1,2.2,1.6,0.8
24016,"Brome--Missisquoi","QB","2015","Liberal",25744,6724,14383,10252,1377,0,0,195,58675,43.9,11.5,24.5,17.5,2.3,0,0.3
24017,"Brossard--Saint-Lambert","QB","2015","Liberal",28818,7215,14075,6071,1081,0,0,0,57260,50.3,12.6,24.6,10.6,1.9,0,0
24018,"Rimouski-Neigette--Témiscouata--Les Basques","QB","2015","NDP",12594,3363,19374,8673,669,0,0,273,44946,28,7.5,43.1,19.3,1.5,0,0.6
24019,"Charlesbourg--Haute-Saint-Charles","QB","2015","Conservative",13525,24608,11690,7177,1256,0,0,0,58256,23.2,42.2,20.1,12.3,2.2,0,0
24020,"Beauport-Côte-de-Beaupré-Île d'Orléans-Charlevoix","QB","2015","Conservative",13556,16903,9306,9650,859,0,0,182,50456,26.9,33.5,18.4,19.1,1.7,0,0.4
24021,"Châteauguay--Lacolle","QB","2015","Liberal",20245,5805,11986,12615,982,0,0,149,51782,39.1,11.2,23.1,24.4,1.9,0,0.3
24022,"Chicoutimi--Le Fjord","QB","2015","Liberal",13619,7270,13019,8990,907,0,0,0,43805,31.1,16.6,29.7,20.5,2.1,0,0
24023,"Compton--Stanstead","QB","2015","Liberal",20582,6978,15300,11551,1085,0,0,315,55811,36.9,12.5,27.4,20.7,1.9,0,0.6
24024,"Dorval--Lachine--LaSalle","QB","2015","Liberal",29974,6049,11769,5338,1245,0,230,0,54605,54.9,11.1,21.6,9.8,2.3,0.4,0
24025,"Drummond","QB","2015","NDP",13793,9221,15833,11862,1270,0,0,0,51979,26.5,17.7,30.5,22.8,2.4,0,0
24026,"Gaspésie--Les Îles-de-la-Madeleine","QB","2015","Liberal",15345,2398,12885,8289,400,0,0,300,39617,38.7,6.1,32.5,20.9,1,0,0.8
24027,"Gatineau","QB","2015","Liberal",31076,4733,15352,5455,942,0,148,94,57800,53.8,8.2,26.6,9.4,1.6,0.3,0.2
24028,"Hochelaga","QB","2015","NDP",15534,3555,16034,14389,1654,0,0,738,51904,29.9,6.8,30.9,27.7,3.2,0,1.4
24029,"Honoré-Mercier","QB","2015","Liberal",29211,6226,8478,6680,814,0,0,249,51658,56.5,12.1,16.4,12.9,1.6,0,0.5
24030,"Hull--Aylmer","QB","2015","Liberal",28478,4278,17472,3625,1035,0,160,392,55440,51.4,7.7,31.5,6.5,1.9,0.3,0.7
24031,"Joliette","QB","2015","Bloc",15995,5705,14566,18875,1335,0,0,213,56689,28.2,10.1,25.7,33.3,2.4,0,0.4
24032,"Jonquière","QB","2015","NDP",13700,8124,14039,11202,656,0,0,382,48103,28.5,16.9,29.2,23.3,1.4,0,0.8
24033,"La Pointe-de-l'Île","QB","2015","Bloc",15777,4408,14777,18545,1130,0,0,589,55226,28.6,8,26.8,33.6,2,0,1.1
24034,"La Prairie","QB","2015","Liberal",20993,6859,13174,15107,1235,0,0,204,57572,36.5,11.9,22.9,26.2,2.1,0,0.4
24035,"Lac-Saint-Jean","QB","2015","Conservative",10193,18393,15735,10152,806,0,0,0,55279,18.4,33.3,28.5,18.4,1.5,0,0
24036,"Lac-Saint-Louis","QB","2015","Liberal",39965,10857,7997,1681,1812,0,0,0,62312,64.1,17.4,12.8,2.7,2.9,0,0
24037,"LaSalle--Émard--Verdun","QB","2015","Liberal",23603,3713,15566,9164,1717,0,0,0,53763,43.9,6.9,29,17,3.2,0,0
24038,"Laurentides--Labelle","QB","2015","Liberal",20277,6209,16644,18792,1251,0,0,0,63173,32.1,9.8,26.3,29.7,2,0,0
24039,"Laurier--Sainte-Marie","QB","2015","NDP",12938,2242,20929,15699,1904,0,160,809,54681,23.7,4.1,38.3,28.7,3.5,0.3,1.5
24040,"Laval--Les Îles","QB","2015","Liberal",25857,9811,10710,6731,921,0,0,175,54205,47.7,18.1,19.8,12.4,1.7,0,0.3
24041,"Longueuil--Charles-LeMoyne","QB","2015","Liberal",18301,4961,12468,13974,1510,0,0,493,51707,35.4,9.6,24.1,27,2.9,0,1
24042,"Lévis--Lotbinière","QB","2015","Conservative",13562,31357,9246,7163,1124,0,0,136,62588,21.7,50.1,14.8,11.4,1.8,0,0.2
24043,"Longueuil--Saint-Hubert","QB","2015","NDP",17468,5087,18171,15873,1447,0,0,153,58199,30,8.7,31.2,27.3,2.5,0,0.3
24044,"Louis-Hébert","QB","2015","Liberal",21516,16789,12850,8900,1561,0,0,128,61744,34.8,27.2,20.8,14.4,2.5,0,0.2
24045,"Louis-Saint-Laurent","QB","2015","Conservative",13852,32637,10296,6688,1210,0,0,0,64683,21.4,50.5,15.9,10.3,1.9,0,0
24046,"Manicouagan","QB","2015","Bloc",12343,4317,7359,17338,673,0,0,0,42030,29.4,10.3,17.5,41.3,1.6,0,0
24047,"Mégantic--L'Érable","QB","2015","Conservative",13308,16749,10386,5838,1006,0,0,0,47287,28.1,35.4,22,12.3,2.1,0,0
24048,"Mirabel","QB","2015","Bloc",15514,6020,17873,18710,1301,0,0,0,59418,26.1,10.1,30.1,31.5,2.2,0,0
24049,"Montarville","QB","2015","Liberal",18848,6284,14296,16460,1388,0,0,641,57917,32.5,10.9,24.7,28.4,2.4,0,1.1
24050,"Montcalm","QB","2015","Bloc",14484,5093,12431,19405,976,0,0,620,53009,27.3,9.6,23.5,36.6,1.8,0,1.2
24051,"Montmagny--L'Islet--Kamouraska--Rivière-du-Loup","QB","2015","Conservative",14002,14274,11918,7939,823,0,0,287,49243,28.4,29,24.2,16.1,1.7,0,0.6
24052,"Mount Royal","QB","2015","Liberal",24187,18201,3884,908,747,0,0,124,48051,50.3,37.9,8.1,1.9,1.6,0,0.3
24053,"Notre-Dame-de-Grâce--Westmount","QB","2015","Liberal",29755,7414,11229,1282,1581,0,151,181,51593,57.7,14.4,21.8,2.5,3.1,0.3,0.4
24054,"Outremont","QB","2015","NDP",14597,4159,19242,3668,1575,0,0,378,43619,33.5,9.5,44.1,8.4,3.6,0,0.9
24055,"Papineau","QB","2015","Liberal",26391,2390,13132,6182,1443,0,664,568,50770,52,4.7,25.9,12.2,2.8,1.3,1.1
24056,"Pierrefonds--Dollard","QB","2015","Liberal",34319,11694,9584,2043,865,0,0,0,58505,58.7,20,16.4,3.5,1.5,0,0
24057,"Pontiac","QB","2015","Liberal",34154,8716,14090,4337,1089,0,0,239,62625,54.5,13.9,22.5,6.9,1.7,0,0.4
24058,"Portneuf--Jacques-Cartier","QB","2015","Conservative",13322,27290,13686,6665,1096,0,0,0,62059,21.5,44,22.1,10.7,1.8,0,0
24059,"Québec","QB","2015","Liberal",15566,11737,14566,10153,1570,0,0,275,53867,28.9,21.8,27,18.8,2.9,0,0.5
24060,"Repentigny","QB","2015","Bloc",17798,7053,15167,22618,1242,0,0,1333,65211,27.3,10.8,23.3,34.7,1.9,0,2
24061,"Richmond--Arthabaska","QB","2015","Conservative",14463,18505,14213,10068,984,0,0,384,58617,24.7,31.6,24.2,17.2,1.7,0,0.7
24062,"Rivière-des-Mille-Îles","QB","2015","Liberal",18787,6099,17111,14755,1136,0,158,0,58046,32.4,10.5,29.5,25.4,2,0.3,0
24063,"Rivière-du-Nord","QB","2015","Bloc",14933,4793,17077,18157,1436,0,0,261,56657,26.4,8.5,30.1,32,2.5,0,0.5
24064,"Rosemont--La Petite-Patrie","QB","2015","NDP",12068,2510,28672,12283,1783,0,0,1019,58335,20.7,4.3,49.2,21.1,3.1,0,1.7
24065,"Marc-Aurèle-Fortin","QB","2015","Liberal",22323,6498,12827,11820,1057,0,0,0,54525,40.9,11.9,23.5,21.7,1.9,0,0
24066,"Saint-Hyacinthe--Bagot","QB","2015","NDP",14980,9098,15578,13200,1243,0,270,0,54369,27.6,16.7,28.7,24.3,2.3,0.5,0
24067,"Saint-Jean","QB","2015","Liberal",20022,6549,17555,14979,1281,0,0,0,60386,33.2,10.8,29.1,24.8,2.1,0,0
24068,"Saint-Laurent","QB","2015","Liberal",24832,7867,4646,1879,977,0,0,129,40330,61.6,19.5,11.5,4.7,2.4,0,0.3
24069,"Saint-Léonard--Saint-Michel","QB","2015","Liberal",28826,4957,6611,3204,805,0,0,128,44531,64.7,11.1,14.8,7.2,1.8,0,0.3
24070,"Saint-Maurice--Champlain","QB","2015","Liberal",24475,9592,12245,11295,1144,0,0,196,58947,41.5,16.3,20.8,19.2,1.9,0,0.3
24071,"Salaberry--Suroît","QB","2015","NDP",17955,6132,18726,17452,867,0,219,184,61535,29.2,10,30.4,28.4,1.4,0.4,0.3
24072,"Shefford","QB","2015","Liberal",22957,7529,13945,13092,1397,0,0,0,58920,39,12.8,23.7,22.2,2.4,0,0
24073,"Sherbrooke","QB","2015","NDP",17071,5391,21410,11717,1143,0,303,265,57300,29.8,9.4,37.4,20.4,2,0.5,0.5
24074,"Vaudreuil--Soulanges","QB","2015","Liberal",30550,9048,14627,9858,1445,0,0,0,65528,46.6,13.8,22.3,15,2.2,0,0
24075,"Terrebonne","QB","2015","Bloc",16316,6615,14928,19238,1016,0,0,171,58284,28,11.3,25.6,33,1.7,0,0.3
24076,"Trois-Rivières","QB","2015","NDP",18224,11231,19193,10249,1032,0,0,360,60289,30.2,18.6,31.8,17,1.7,0,0.6
24077,"Ville-Marie--Le Sud-Ouest--Île-des-Soeurs","QB","2015","Liberal",25491,5948,11757,4307,2398,0,0,263,50164,50.8,11.9,23.4,8.6,4.8,0,0.5
24078,"Vimy","QB","2015","Liberal",25082,7262,11391,9068,1280,0,0,260,54343,46.2,13.4,21,16.7,2.4,0,0.5
35001,"Ajax","ON","2015","Liberal",31458,19374,4630,0,788,0,0,57,56307,55.9,34.4,8.2,0,1.4,0,0.1
35002,"Algoma--Manitoulin--Kapuskasing","ON","2015","NDP",14111,9820,16516,0,927,0,0,0,41374,34.1,23.7,39.9,0,2.2,0,0
35003,"Aurora--Oak Ridges--Richmond Hill","ON","2015","Liberal",24132,23039,2912,0,654,0,0,243,50980,47.3,45.2,5.7,0,1.3,0,0.5
35004,"Barrie--Innisfil","ON","2015","Conservative",18308,22901,5812,0,1991,0,0,329,49341,37.1,46.4,11.8,0,4,0,0.7
35005,"Barrie--Springwater--Oro-Medonte","ON","2015","Conservative",21005,21091,5202,0,2648,0,188,401,50535,41.6,41.7,10.3,0,5.2,0.4,0.8
35006,"Bay of Quinte","ON","2015","Liberal",29281,19781,7001,0,1278,0,372,0,57713,50.7,34.3,12.1,0,2.2,0.6,0
35007,"Beaches--East York","ON","2015","Liberal",27458,9124,17113,0,1433,0,297,105,55530,49.4,16.4,30.8,0,2.6,0.5,0.2
35008,"Brampton Centre","ON","2015","Liberal",19277,13345,5993,0,844,0,0,173,39632,48.6,33.7,15.1,0,2.1,0,0.4
35009,"Brampton East","ON","2015","Liberal",23652,10642,10400,0,512,0,0,0,45206,52.3,23.5,23,0,1.1,0,0
35010,"Brampton North","ON","2015","Liberal",23297,15888,7946,0,915,0,0,120,48166,48.4,33,16.5,0,1.9,0,0.2
35011,"Brampton South","ON","2015","Liberal",23681,15929,4843,0,1011,0,0,0,45464,52.1,35,10.7,0,2.2,0,0
35012,"Brampton West","ON","2015","Liberal",24256,13068,5400,0,674,0,0,0,43398,55.9,30.1,12.4,0,1.6,0,0
35013,"Brantford--Brant","ON","2015","Conservative",19422,25874,15715,0,1582,0,164,515,63272,30.7,40.9,24.8,0,2.5,0.3,0.8
35014,"Bruce--Grey--Owen Sound","ON","2015","Conservative",21879,26297,6270,0,1887,0,0,0,56333,38.8,46.7,11.1,0,3.3,0,0
35015,"Burlington","ON","2015","Liberal",32229,29780,6381,0,1710,0,0,0,70100,46,42.5,9.1,0,2.4,0,0
35016,"Cambridge","ON","2015","Liberal",23024,20613,7397,0,1723,0,474,108,53339,43.2,38.6,13.9,0,3.2,0.9,0.2
35017,"Chatham-Kent--Leamington","ON","2015","Conservative",19351,21677,9549,0,1394,0,0,0,51971,37.2,41.7,18.4,0,2.7,0,0
35018,"Davenport","ON","2015","Liberal",21947,5233,20506,0,1530,0,107,261,49584,44.3,10.6,41.4,0,3.1,0.2,0.5
35019,"Don Valley East","ON","2015","Liberal",24048,12155,4307,0,1078,0,0,0,41588,57.8,29.2,10.4,0,2.6,0,0
35020,"Don Valley North","ON","2015","Liberal",23494,17279,3896,0,1018,0,0,0,45687,51.4,37.8,8.5,0,2.2,0,0
35021,"Don Valley West","ON","2015","Liberal",27472,19206,3076,0,848,0,75,409,51086,53.8,37.6,6,0,1.7,0.1,0.8
35022,"Dufferin--Caledon","ON","2015","Conservative",23643,27977,4398,0,4433,0,0,0,60451,39.1,46.3,7.3,0,7.3,0,0
35023,"Durham","ON","2015","Conservative",22949,28967,10289,0,1616,0,0,364,64185,35.8,45.1,16,0,2.5,0,0.6
35024,"Eglinton--Lawrence","ON","2015","Liberal",27278,23788,3505,0,799,0,0,422,55792,48.9,42.6,6.3,0,1.4,0,0.8
35025,"Elgin--Middlesex--London","ON","2015","Conservative",17642,28023,8771,0,1783,0,0,714,56933,31,49.2,15.4,0,3.1,0,1.3
35026,"Essex","ON","2015","NDP",12639,21602,25072,0,1141,0,0,77,60531,20.9,35.7,41.4,0,1.9,0,0.1
35027,"Etobicoke Centre","ON","2015","Liberal",32612,23070,4886,0,856,0,0,378,61802,52.8,37.3,7.9,0,1.4,0,0.6
35028,"Etobicoke--Lakeshore","ON","2015","Liberal",34638,20932,7030,0,1507,0,0,401,64508,53.7,32.4,10.9,0,2.3,0,0.6
35029,"Etobicoke North","ON","2015","Liberal",26251,9673,5220,0,524,0,0,396,42064,62.4,23,12.4,0,1.2,0,0.9
35030,"Flamborough--Glanbrook","ON","2015","Conservative",21728,24137,7779,0,1866,0,0,0,55510,39.1,43.5,14,0,3.4,0,0
35031,"Glengarry--Prescott--Russell","ON","2015","Liberal",34189,23367,5087,0,1153,0,0,377,64173,53.3,36.4,7.9,0,1.8,0,0.6
35032,"Guelph","ON","2015","Liberal",34303,18407,8392,0,7909,0,0,857,69868,49.1,26.3,12,0,11.3,0,1.2
35033,"Haldimand--Norfolk","ON","2015","Conservative",20487,24714,7625,0,1857,0,423,884,55990,36.6,44.1,13.6,0,3.3,0.8,1.6
35034,"Haliburton--Kawartha Lakes--Brock","ON","2015","Conservative",19634,27718,12012,0,2470,0,0,0,61834,31.8,44.8,19.4,0,4,0,0
35035,"Hamilton Centre","ON","2015","NDP",13718,6018,18719,0,1778,0,186,664,41083,33.4,14.6,45.6,0,4.3,0.5,1.6
35036,"Hamilton East--Stoney Creek","ON","2015","Liberal",19622,12715,16465,0,1305,0,0,225,50332,39,25.3,32.7,0,2.6,0,0.4
35037,"Hamilton Mountain","ON","2015","NDP",16933,12991,18146,0,1283,0,0,1201,50554,33.5,25.7,35.9,0,2.5,0,2.4
35038,"Hamilton West--Ancaster--Dundas","ON","2015","Liberal",29694,19821,10131,0,2633,0,0,0,62279,47.7,31.8,16.3,0,4.2,0,0
35039,"Hastings--Lennox and Addington","ON","2015","Liberal",21104,20879,6348,0,1466,0,0,0,49797,42.4,41.9,12.7,0,2.9,0,0
35040,"Huron--Bruce","ON","2015","Conservative",23129,26174,7544,0,1398,0,0,0,58245,39.7,44.9,13,0,2.4,0,0
35041,"Kanata--Carleton","ON","2015","Liberal",32477,24829,4313,0,1704,0,0,0,63323,51.3,39.2,6.8,0,2.7,0,0
35042,"Kenora","ON","2015","Liberal",10918,8751,10420,0,501,0,162,0,30752,35.5,28.5,33.9,0,1.6,0.5,0
35043,"King--Vaughan","ON","2015","Liberal",25908,24170,3571,0,1037,0,0,0,54686,47.4,44.2,6.5,0,1.9,0,0
35044,"Kingston and the Islands","ON","2015","Liberal",36421,14928,11185,0,2933,0,0,305,65772,55.4,22.7,17,0,4.5,0,0.5
35045,"Kitchener Centre","ON","2015","Liberal",25504,15872,8680,0,1597,0,0,627,52280,48.8,30.4,16.6,0,3.1,0,1.2
35046,"Kitchener--Conestoga","ON","2015","Conservative",20398,20649,4653,0,1314,0,0,685,47699,42.8,43.3,9.8,0,2.8,0,1.4
35047,"Kitchener South--Hespeler","ON","2015","Liberal",20215,17544,7440,0,1767,0,0,863,47829,42.3,36.7,15.6,0,3.7,0,1.8
35048,"Lambton--Kent--Middlesex","ON","2015","Conservative",16592,28300,9598,0,1873,0,0,0,56363,29.4,50.2,17,0,3.3,0,0
35049,"Lanark--Frontenac--Kingston","ON","2015","Conservative",19325,27399,8073,0,2025,0,0,418,57240,33.8,47.9,14.1,0,3.5,0,0.7
35050,"Leeds-Grenville-Thousand Islands and Rideau Lakes","ON","2015","Conservative",22888,26738,4722,0,2088,0,0,0,56436,40.6,47.4,8.4,0,3.7,0,0
35051,"London--Fanshawe","ON","2015","NDP",17214,14891,20684,0,1604,0,352,0,54745,31.4,27.2,37.8,0,2.9,0.6,0
35052,"London North Centre","ON","2015","Liberal",32427,19990,9423,0,2286,0,0,145,64271,50.5,31.1,14.7,0,3.6,0,0.2
35053,"London West","ON","2015","Liberal",31167,24036,10087,0,1918,0,0,819,68027,45.8,35.3,14.8,0,2.8,0,1.2
35054,"Markham--Stouffville","ON","2015","Liberal",29416,25565,3647,0,1145,0,0,0,59773,49.2,42.8,6.1,0,1.9,0,0
35055,"Markham--Thornhill","ON","2015","Liberal",23878,13849,4595,0,535,0,0,0,42857,55.7,32.3,10.7,0,1.2,0,0
35056,"Markham--Unionville","ON","2015","Conservative",21596,24605,2528,0,1110,0,0,0,49839,43.3,49.4,5.1,0,2.2,0,0
35057,"Milton","ON","2015","Conservative",19940,22378,5366,0,1131,0,0,493,49308,40.4,45.4,10.9,0,2.3,0,1
35058,"Mississauga Centre","ON","2015","Liberal",28372,17431,4920,0,1129,0,0,0,51852,54.7,33.6,9.5,0,2.2,0,0
35059,"Mississauga East--Cooksville","ON","2015","Liberal",28154,18353,4481,0,766,0,0,163,51917,54.2,35.4,8.6,0,1.5,0,0.3
35060,"Mississauga--Erin Mills","ON","2015","Liberal",27520,21716,5206,0,905,0,0,0,55347,49.7,39.2,9.4,0,1.6,0,0
35061,"Mississauga--Lakeshore","ON","2015","Liberal",28279,24435,4735,0,1397,0,0,427,59273,47.7,41.2,8,0,2.4,0,0.7
35062,"Mississauga--Malton","ON","2015","Liberal",26165,11701,5450,0,737,0,203,0,44256,59.1,26.4,12.3,0,1.7,0.5,0
35063,"Mississauga--Streetsville","ON","2015","Liberal",26792,22621,5040,0,1293,0,0,253,55999,47.8,40.4,9,0,2.3,0,0.5
35064,"Nepean","ON","2015","Liberal",34017,23442,5324,0,1513,0,551,41,64888,52.4,36.1,8.2,0,2.3,0.8,0.1
35065,"Newmarket--Aurora","ON","2015","Liberal",25508,24057,4806,0,1331,0,0,762,56464,45.2,42.6,8.5,0,2.4,0,1.3
35066,"Niagara Centre","ON","2015","Liberal",19513,16248,17218,0,1316,0,0,387,54682,35.7,29.7,31.5,0,2.4,0,0.7
35067,"Niagara Falls","ON","2015","Conservative",22318,27235,13525,0,1633,0,0,0,64711,34.5,42.1,20.9,0,2.5,0,0
35068,"Niagara West","ON","2015","Conservative",16581,24732,5802,0,1511,0,0,2031,50657,32.7,48.8,11.5,0,3,0,4
35069,"Nickel Belt","ON","2015","Liberal",21021,8221,18556,0,1217,0,0,98,49113,42.8,16.7,37.8,0,2.5,0,0.2
35070,"Nipissing--Timiskaming","ON","2015","Liberal",25357,14325,7936,0,1257,0,0,0,48875,51.9,29.3,16.2,0,2.6,0,0
35071,"Northumberland--Peterborough South","ON","2015","Liberal",27043,25165,9411,0,1990,0,0,0,63609,42.5,39.6,14.8,0,3.1,0,0
35072,"Oakville","ON","2015","Liberal",31956,27497,3830,0,1420,0,0,0,64703,49.4,42.5,5.9,0,2.2,0,0
35073,"Oakville North--Burlington","ON","2015","Liberal",28415,26342,4405,0,968,0,0,666,60796,46.7,43.3,7.2,0,1.6,0,1.1
35074,"Oshawa","ON","2015","Conservative",16588,23162,19339,0,1522,0,0,75,60686,27.3,38.2,31.9,0,2.5,0,0.1
35075,"Ottawa Centre","ON","2015","Liberal",32211,10943,29098,0,2246,0,0,1002,75500,42.7,14.5,38.5,0,3,0,1.3
35076,"Orléans","ON","2015","Liberal",46542,23821,6215,0,1410,0,0,0,77988,59.7,30.5,8,0,1.8,0,0
35077,"Ottawa South","ON","2015","Liberal",38831,15711,7480,0,1888,0,0,739,64649,60.1,24.3,11.6,0,2.9,0,1.1
35078,"Ottawa--Vanier","ON","2015","Liberal",36474,12109,12194,0,1947,0,0,631,63355,57.6,19.1,19.2,0,3.1,0,1
35079,"Ottawa West--Nepean","ON","2015","Liberal",35199,18893,6195,0,1772,0,0,854,62913,55.9,30,9.8,0,2.8,0,1.4
35080,"Oxford","ON","2015","Conservative",18299,25966,9406,0,2004,0,0,1175,56850,32.2,45.7,16.5,0,3.5,0,2.1
35081,"Parkdale--High Park","ON","2015","Liberal",24623,7641,23566,0,1743,0,93,901,58567,42,13,40.2,0,3,0.2,1.5
35082,"Parry Sound--Muskoka","ON","2015","Conservative",19937,22206,5183,0,3704,0,0,249,51279,38.9,43.3,10.1,0,7.2,0,0.5
35083,"Perth--Wellington","ON","2015","Conservative",19480,22255,7756,0,1347,0,0,1013,51851,37.6,42.9,15,0,2.6,0,2
35084,"Peterborough--Kawartha","ON","2015","Liberal",29159,23335,12437,0,1480,0,0,131,66542,43.8,35.1,18.7,0,2.2,0,0.2
35085,"Pickering--Uxbridge","ON","2015","Liberal",29757,22591,5446,0,1365,0,0,0,59159,50.3,38.2,9.2,0,2.3,0,0
35086,"Renfrew--Nipissing--Pembroke","ON","2015","Conservative",18666,26195,4893,0,1105,0,6300,0,57159,32.7,45.8,8.6,0,1.9,11,0
35087,"Richmond Hill","ON","2015","Liberal",23032,21275,3950,0,856,0,0,0,49113,46.9,43.3,8,0,1.7,0,0
35088,"Carleton","ON","2015","Conservative",25913,27762,3632,0,1932,0,0,0,59239,43.7,46.9,6.1,0,3.3,0,0
35089,"St. Catharines","ON","2015","Liberal",24870,21637,9511,0,1488,0,0,85,57591,43.2,37.6,16.5,0,2.6,0,0.1
35090,"Toronto--St. Paul's","ON","2015","Liberal",31481,15376,8386,0,1729,0,0,0,56972,55.3,27,14.7,0,3,0,0
35091,"Sarnia--Lambton","ON","2015","Conservative",15853,22565,18102,0,1605,0,0,0,58125,27.3,38.8,31.1,0,2.8,0,0
35092,"Sault Ste. Marie","ON","2015","Liberal",19582,13615,9543,0,934,0,0,83,43757,44.8,31.1,21.8,0,2.1,0,0.2
35093,"Scarborough--Agincourt","ON","2015","Liberal",21587,15802,3263,0,570,0,0,334,41556,51.9,38,7.9,0,1.4,0,0.8
35094,"Scarborough Centre","ON","2015","Liberal",22753,14705,5227,0,960,0,0,1384,45029,50.5,32.7,11.6,0,2.1,0,3.1
35095,"Scarborough--Guildwood","ON","2015","Liberal",25167,11108,4720,0,606,0,175,141,41917,60,26.5,11.3,0,1.4,0.4,0.3
35096,"Scarborough North","ON","2015","Liberal",18904,10737,8648,0,579,0,320,0,39188,48.2,27.4,22.1,0,1.5,0.8,0
35097,"Scarborough--Rouge Park","ON","2015","Liberal",29913,13587,5145,0,1010,0,0,0,49655,60.2,27.4,10.4,0,2,0,0
35098,"Scarborough Southwest","ON","2015","Liberal",25586,10347,11574,0,1259,0,0,0,48766,52.5,21.2,23.7,0,2.6,0,0
35099,"Simcoe--Grey","ON","2015","Conservative",25352,30612,6332,0,2923,0,0,528,65747,38.6,46.6,9.6,0,4.4,0,0.8
35100,"Simcoe North","ON","2015","Conservative",22718,24836,6037,0,2543,0,0,937,57071,39.8,43.5,10.6,0,4.5,0,1.6
35101,"Spadina--Fort York","ON","2015","Liberal",30141,8673,15047,0,1137,0,0,150,55148,54.7,15.7,27.3,0,2.1,0,0.3
35102,"Stormont--Dundas--South Glengarry","ON","2015","Conservative",20452,27091,4332,0,1191,0,0,0,53066,38.5,51.1,8.2,0,2.2,0,0
35103,"Sudbury","ON","2015","Liberal",23534,10473,13793,0,1509,0,218,102,49629,47.4,21.1,27.8,0,3,0.4,0.2
35104,"Thornhill","ON","2015","Conservative",18395,31911,2814,0,627,0,0,744,54491,33.8,58.6,5.2,0,1.2,0,1.4
35105,"Thunder Bay--Rainy River","ON","2015","Liberal",18523,8876,12483,0,2201,0,0,0,42083,44,21.1,29.7,0,5.2,0,0
35106,"Thunder Bay--Superior North","ON","2015","Liberal",20069,7775,10339,0,6155,0,270,0,44608,45,17.4,23.2,0,13.8,0.6,0
35107,"Timmins--James Bay","ON","2015","NDP",12940,7605,15974,0,752,0,0,0,37271,34.7,20.4,42.9,0,2,0,0
35108,"Toronto Centre","ON","2015","Liberal",29297,6167,13467,0,1315,0,147,209,50602,57.9,12.2,26.6,0,2.6,0.3,0.4
35109,"Toronto--Danforth","ON","2015","Liberal",23531,5478,22325,0,2618,0,0,1629,55581,42.3,9.9,40.2,0,4.7,0,2.9
35110,"University--Rosedale","ON","2015","Liberal",27849,9790,15988,0,1641,0,0,657,55925,49.8,17.5,28.6,0,2.9,0,1.2
35111,"Vaughan--Woodbridge","ON","2015","Liberal",23041,20746,2198,0,597,0,0,716,47298,48.7,43.9,4.6,0,1.3,0,1.5
35112,"Waterloo","ON","2015","Liberal",29752,19318,8928,0,1713,0,0,138,59849,49.7,32.3,14.9,0,2.9,0,0.2
35113,"Wellington--Halton Hills","ON","2015","Conservative",23279,32482,5321,0,2547,0,0,183,63812,36.5,50.9,8.3,0,4,0,0.3
35114,"Whitby","ON","2015","Liberal",29003,27154,6677,0,1403,0,279,0,64516,45,42.1,10.3,0,2.2,0.4,0
35115,"Willowdale","ON","2015","Liberal",24519,16990,3203,0,1025,0,216,0,45953,53.4,37,7,0,2.2,0.5,0
35116,"Windsor--Tecumseh","ON","2015","NDP",14177,14656,23215,0,1047,0,0,249,53344,26.6,27.5,43.5,0,2,0,0.5
35117,"Windsor West","ON","2015","NDP",11842,9734,24085,0,1083,0,0,161,46905,25.2,20.8,51.3,0,2.3,0,0.3
35118,"York Centre","ON","2015","Liberal",20131,18893,3148,0,772,0,0,0,42944,46.9,44,7.3,0,1.8,0,0
35119,"York--Simcoe","ON","2015","Conservative",18083,24058,4255,0,1483,0,0,0,47879,37.8,50.2,8.9,0,3.1,0,0
35120,"York South--Weston","ON","2015","Liberal",20093,8399,13281,0,892,0,0,1041,43706,46,19.2,30.4,0,2,0,2.4
35121,"Humber River--Black Creek","ON","2015","Liberal",23995,7228,3851,0,584,0,0,201,35859,66.9,20.2,10.7,0,1.6,0,0.6
46001,"Brandon--Souris","MB","2015","Conservative",15338,20666,2576,0,2526,0,0,0,41106,37.3,50.3,6.3,0,6.1,0,0
46002,"Charleswood--St. James--Assiniboia--Headingley","MB","2015","Liberal",24531,18408,2842,0,1376,0,0,0,47157,52,39,6,0,2.9,0,0
46003,"Churchill--Keewatinook Aski","MB","2015","NDP",12575,3090,13487,0,537,0,0,255,29944,42,10.3,45,0,1.8,0,0.9
46004,"Dauphin--Swan River--Neepawa","MB","2015","Conservative",12276,19276,5097,0,1592,0,3357,0,41598,29.5,46.3,12.3,0,3.8,8.1,0
46005,"Elmwood--Transcona","MB","2015","NDP",12713,14648,14709,0,1016,0,0,0,43086,29.5,34,34.1,0,2.4,0,0
46006,"Kildonan--St. Paul","MB","2015","Liberal",18717,17478,6270,0,783,0,142,485,43875,42.7,39.8,14.3,0,1.8,0.3,1.1
46007,"Portage--Lisgar","MB","2015","Conservative",10621,25060,2554,0,1637,0,0,1315,41187,25.8,60.8,6.2,0,4,0,3.2
46008,"Provencher","MB","2015","Conservative",15509,25086,2371,0,1779,0,0,0,44745,34.7,56.1,5.3,0,4,0,0
46009,"Saint Boniface--Saint Vital","MB","2015","Liberal",28530,14005,5169,0,1119,0,0,0,48823,58.4,28.7,10.6,0,2.3,0,0
46010,"Selkirk--Interlake--Eastman","MB","2015","Conservative",15508,25617,5649,0,1707,0,0,882,49363,31.4,51.9,11.4,0,3.5,0,1.8
46011,"Winnipeg Centre","MB","2015","Liberal",18471,4189,9490,0,1379,0,0,356,33885,54.5,12.4,28,0,4.1,0,1.1
46012,"Winnipeg North","MB","2015","Liberal",23402,5193,4543,0,826,0,0,0,33964,68.9,15.3,13.4,0,2.4,0,0
46013,"Winnipeg South","MB","2015","Liberal",28096,16709,2404,0,990,0,0,0,48199,58.3,34.7,5,0,2.1,0,0
46014,"Winnipeg South Centre","MB","2015","Liberal",31993,15102,4799,0,1677,0,0,0,53571,59.7,28.2,9,0,3.1,0,0
47001,"Battlefords--Lloydminster","SK","2015","Conservative",5550,20547,5930,0,575,0,1076,0,33678,16.5,61,17.6,0,1.7,3.2,0
47002,"Cypress Hills--Grasslands","SK","2015","Conservative",5381,25050,4783,0,993,0,0,0,36207,14.9,69.2,13.2,0,2.7,0,0
47003,"Desnethé--Missinippi--Churchill River","SK","2015","NDP",10237,9105,10319,0,552,0,0,0,30213,33.9,30.1,34.2,0,1.8,0,0
47004,"Carlton Trail--Eagle Creek","SK","2015","Conservative",5774,26004,7499,0,902,0,0,0,40179,14.4,64.7,18.7,0,2.2,0,0
47005,"Moose Jaw--Lake Centre--Lanigan","SK","2015","Conservative",7545,23273,9978,0,961,0,0,208,41965,18,55.5,23.8,0,2.3,0,0.5
47006,"Prince Albert","SK","2015","Conservative",7832,19673,11244,0,761,0,0,0,39510,19.8,49.8,28.5,0,1.9,0,0
47007,"Regina--Lewvan","SK","2015","NDP",13143,16711,16843,0,839,0,0,298,47834,27.5,34.9,35.2,0,1.8,0,0.6
47008,"Regina--Qu'Appelle","SK","2015","Conservative",8401,16486,11144,0,852,0,0,0,36883,22.8,44.7,30.2,0,2.3,0,0
47009,"Regina--Wascana","SK","2015","Liberal",23552,12931,5362,0,878,0,0,0,42723,55.1,30.3,12.6,0,2.1,0,0
47010,"Saskatoon--Grasswood","SK","2015","Conservative",12165,19166,13909,0,846,0,0,0,46086,26.4,41.6,30.2,0,1.8,0,0
47011,"Saskatoon--University","SK","2015","Conservative",11287,18592,14115,0,686,0,0,93,44773,25.2,41.5,31.5,0,1.5,0,0.2
47012,"Saskatoon West","SK","2015","NDP",9234,12401,14921,0,658,0,0,501,37715,24.5,32.9,39.6,0,1.7,0,1.3
47013,"Souris--Moose Mountain","SK","2015","Conservative",5076,26315,5131,0,994,0,0,0,37516,13.5,70.1,13.7,0,2.6,0,0
47014,"Yorkton--Melville","SK","2015","Conservative",6504,21683,7396,0,1030,0,0,0,36613,17.8,59.2,20.2,0,2.8,0,0
48001,"Banff--Airdrie","AB","2015","Conservative",17380,42228,4521,0,2509,0,0,0,66638,26.1,63.4,6.8,0,3.8,0,0
48002,"Battle River--Crowfoot","AB","2015","Conservative",5505,47552,3844,0,1868,0,0,0,58769,9.4,80.9,6.5,0,3.2,0,0
48003,"Bow River","AB","2015","Conservative",6840,38701,2622,0,919,0,543,363,49988,13.7,77.4,5.2,0,1.8,1.1,0.7
48004,"Calgary Centre","AB","2015","Liberal",28496,27746,3412,0,1347,0,248,0,61249,46.5,45.3,5.6,0,2.2,0.4,0
48005,"Calgary Confederation","AB","2015","Conservative",29083,30669,4770,0,2146,0,0,140,66808,43.5,45.9,7.1,0,3.2,0,0.2
48006,"Calgary Forest Lawn","AB","2015","Conservative",14762,19694,4006,0,1229,0,0,1356,41047,36,48,9.8,0,3,0,3.3
48007,"Calgary Heritage","AB","2015","Conservative",15172,37263,4255,0,1246,0,248,246,58430,26,63.8,7.3,0,2.1,0.4,0.4
48008,"Calgary Midnapore","AB","2015","Conservative",14396,42415,4915,0,1691,0,0,145,63562,22.6,66.7,7.7,0,2.7,0,0.2
48009,"Calgary Nose Hill","AB","2015","Conservative",14671,32760,4836,0,1384,0,0,911,54562,26.9,60,8.9,0,2.5,0,1.7
48010,"Calgary Rocky Ridge","AB","2015","Conservative",20038,38229,3665,0,1360,0,0,0,63292,31.7,60.4,5.8,0,2.1,0,0
48011,"Calgary Shepard","AB","2015","Conservative",16379,43706,4532,0,1734,0,0,0,66351,24.7,65.9,6.8,0,2.6,0,0
48012,"Calgary Signal Hill","AB","2015","Conservative",19108,37858,3128,0,1586,0,0,839,62519,30.6,60.6,5,0,2.5,0,1.3
48013,"Calgary Skyview","AB","2015","Liberal",20644,17885,3605,0,846,0,182,1831,44993,45.9,39.8,8,0,1.9,0.4,4.1
48014,"Edmonton Centre","AB","2015","Liberal",19902,18703,13084,0,1403,0,163,257,53512,37.2,35,24.5,0,2.6,0.3,0.5
48015,"Edmonton Griesbach","AB","2015","Conservative",10397,19157,16309,0,1129,0,0,950,47942,21.7,40,34,0,2.4,0,2
48016,"Edmonton Manning","AB","2015","Conservative",13509,22166,11582,0,1079,0,540,125,49001,27.6,45.2,23.6,0,2.2,1.1,0.3
48017,"Edmonton Mill Woods","AB","2015","Liberal",20423,20331,6330,0,1096,0,560,777,49517,41.2,41.1,12.8,0,2.2,1.1,1.6
48018,"Edmonton Riverbend","AB","2015","Conservative",17428,28805,9846,0,1275,0,0,386,57740,30.2,49.9,17.1,0,2.2,0,0.7
48019,"Edmonton Strathcona","AB","2015","NDP",11524,17395,24446,0,1278,0,223,738,55604,20.7,31.3,44,0,2.3,0.4,1.3
48020,"Edmonton West","AB","2015","Conservative",18649,26370,6955,0,1037,0,0,446,53457,34.9,49.3,13,0,1.9,0,0.8
48021,"Edmonton--Wetaskiwin","AB","2015","Conservative",14660,44949,6645,0,1595,0,0,495,68344,21.5,65.8,9.7,0,2.3,0,0.7
48022,"Foothills","AB","2015","Conservative",8149,46166,3919,0,1983,0,0,769,60986,13.4,75.7,6.4,0,3.3,0,1.3
48023,"Fort McMurray--Cold Lake","AB","2015","Conservative",13403,28625,3663,0,743,0,0,832,47266,28.4,60.6,7.7,0,1.6,0,1.8
48024,"Grande Prairie--Mackenzie","AB","2015","Conservative",7819,38895,4343,0,1673,0,0,613,53343,14.7,72.9,8.1,0,3.1,0,1.1
48025,"Lakeland","AB","2015","Conservative",7500,39882,5513,0,1283,0,0,601,54779,13.7,72.8,10.1,0,2.3,0,1.1
48026,"Lethbridge","AB","2015","Conservative",10532,32321,11674,0,1461,0,0,955,56943,18.5,56.8,20.5,0,2.6,0,1.7
48027,"Medicine Hat--Cardston--Warner","AB","2015","Conservative",9085,34849,4897,0,1319,0,500,0,50650,17.9,68.8,9.7,0,2.6,1,0
48028,"Peace River--Westlock","AB","2015","Conservative",6360,34342,7127,0,1247,0,0,443,49519,12.8,69.4,14.4,0,2.5,0,0.9
48029,"Red Deer--Mountain View","AB","2015","Conservative",8356,46245,5233,0,1621,0,0,757,62212,13.4,74.3,8.4,0,2.6,0,1.2
48030,"Red Deer--Lacombe","AB","2015","Conservative",9235,43599,7055,0,1773,0,0,0,61662,15,70.7,11.4,0,2.9,0,0
48031,"St. Albert--Edmonton","AB","2015","Conservative",13343,26783,6609,0,821,0,11652,0,59208,22.5,45.2,11.2,0,1.4,19.7,0
48032,"Sherwood Park--Fort Saskatchewan","AB","2015","Conservative",13615,42642,6540,0,1648,0,1563,678,66686,20.4,63.9,9.8,0,2.5,2.3,1
48033,"Sturgeon River--Parkland","AB","2015","Conservative",9586,43220,6166,0,1875,0,0,690,61537,15.6,70.2,10,0,3,0,1.1
48034,"Yellowhead","AB","2015","Conservative",7467,37950,4753,0,1538,0,0,817,52525,14.2,72.3,9,0,2.9,0,1.6
59001,"Abbotsford","BC","2015","Conservative",15777,23229,6593,0,2416,0,0,109,48124,32.8,48.3,13.7,0,5,0,0.2
59002,"Burnaby North--Seymour","BC","2015","Liberal",18938,14612,15537,0,2765,0,207,421,52480,36.1,27.8,29.6,0,5.3,0.4,0.8
59003,"Burnaby South","BC","2015","NDP",15547,12441,16094,0,1306,0,0,499,45887,33.9,27.1,35.1,0,2.8,0,1.1
59004,"Cariboo--Prince George","BC","2015","Conservative",16921,19688,13879,0,1860,0,657,729,53734,31.5,36.6,25.8,0,3.5,1.2,1.4
59005,"Central Okanagan--Similkameen--Nicola","BC","2015","Conservative",23059,24517,11961,0,2436,0,0,0,61973,37.2,39.6,19.3,0,3.9,0,0
59006,"Chilliwack--Hope","BC","2015","Conservative",17114,21445,9218,0,2386,0,0,498,50661,33.8,42.3,18.2,0,4.7,0,1
59007,"Cloverdale--Langley City","BC","2015","Liberal",24617,18800,8463,0,2195,0,0,0,54075,45.5,34.8,15.7,0,4.1,0,0
59008,"Coquitlam--Port Coquitlam","BC","2015","Liberal",19938,18083,15400,0,2076,0,0,1014,56511,35.3,32,27.3,0,3.7,0,1.8
59009,"Courtenay--Alberni","BC","2015","NDP",15212,19714,26582,0,8201,0,0,140,69849,21.8,28.2,38.1,0,11.7,0,0.2
59010,"Cowichan--Malahat--Langford","BC","2015","NDP",14685,14091,22200,0,10462,0,0,340,61778,23.8,22.8,35.9,0,16.9,0,0.6
59011,"Delta","BC","2015","Liberal",27355,18255,8311,0,1768,0,0,0,55689,49.1,32.8,14.9,0,3.2,0,0
59012,"Fleetwood--Port Kells","BC","2015","Liberal",22871,14275,10463,0,1154,0,0,0,48763,46.9,29.3,21.5,0,2.4,0,0
59013,"Kamloops--Thompson--Cariboo","BC","2015","Conservative",21215,24595,21466,0,2489,0,0,0,69765,30.4,35.3,30.8,0,3.6,0,0
59014,"Kelowna--Lake Country","BC","2015","Liberal",29614,25502,9039,0,0,0,0,0,64155,46.2,39.8,14.1,0,0,0,0
59015,"Kootenay--Columbia","BC","2015","NDP",12315,23247,23529,0,4115,0,0,0,63206,19.5,36.8,37.2,0,6.5,0,0
59016,"Langley--Aldergrove","BC","2015","Conservative",21894,27333,7490,0,2644,0,0,535,59896,36.6,45.6,12.5,0,4.4,0,0.9
59017,"Mission--Matsqui--Fraser Canyon","BC","2015","Liberal",16625,15587,9174,0,2293,0,914,58,44651,37.2,34.9,20.5,0,5.1,2,0.1
59018,"Nanaimo--Ladysmith","BC","2015","NDP",16753,16637,23651,0,14074,0,0,126,71241,23.5,23.4,33.2,0,19.8,0,0.2
59019,"New Westminster--Burnaby","BC","2015","NDP",15253,10512,22876,0,2487,0,0,1514,52642,29,20,43.5,0,4.7,0,2.9
59020,"North Okanagan--Shuswap","BC","2015","Conservative",20949,27490,17907,0,3608,0,0,0,69954,29.9,39.3,25.6,0,5.2,0,0
59021,"North Vancouver","BC","2015","Liberal",36458,17301,5015,0,5350,0,94,136,64354,56.7,26.9,7.8,0,8.3,0.1,0.2
59022,"Pitt Meadows--Maple Ridge","BC","2015","Liberal",17673,16373,15450,0,2202,0,452,0,52150,33.9,31.4,29.6,0,4.2,0.9,0
59023,"Port Moody--Coquitlam","BC","2015","NDP",16888,16112,19706,0,1878,0,0,83,54667,30.9,29.5,36,0,3.4,0,0.2
59024,"Prince George--Peace River--Northern Rockies","BC","2015","Conservative",12913,27237,8014,0,2672,0,0,1023,51859,24.9,52.5,15.5,0,5.2,0,2
59025,"Richmond Centre","BC","2015","Conservative",16486,17622,4602,0,1152,0,0,0,39862,41.4,44.2,11.5,0,2.9,0,0
59026,"Esquimalt--Saanich--Sooke","BC","2015","NDP",18622,11912,23836,0,13575,0,0,136,68081,27.4,17.5,35,0,19.9,0,0.2
59027,"Saanich--Gulf Islands","BC","2015","Green",11380,13260,6181,0,37070,0,0,249,68140,16.7,19.5,9.1,0,54.4,0,0.4
59028,"Skeena--Bulkley Valley","BC","2015","NDP",8257,10936,22531,0,1605,0,0,780,44109,18.7,24.8,51.1,0,3.6,0,1.8
59029,"South Okanagan--West Kootenay","BC","2015","NDP",18732,19871,24823,0,2792,0,376,0,66594,28.1,29.8,37.3,0,4.2,0.6,0
59030,"South Surrey--White Rock","BC","2015","Conservative",23495,24934,5895,0,1938,0,0,369,56631,41.5,44,10.4,0,3.4,0,0.7
59031,"Steveston--Richmond East","BC","2015","Liberal",19486,16630,5248,0,1587,0,0,274,43225,45.1,38.5,12.1,0,3.7,0,0.6
59032,"Surrey Centre","BC","2015","Liberal",19471,8556,12992,0,1493,0,0,686,43198,45.1,19.8,30.1,0,3.5,0,1.6
59033,"Surrey--Newton","BC","2015","Liberal",24869,6978,11602,0,975,0,0,0,44424,56,15.7,26.1,0,2.2,0,0
59034,"Vancouver Centre","BC","2015","Liberal",32554,9818,11618,0,3370,0,0,688,58048,56.1,16.9,20,0,5.8,0,1.2
59035,"Vancouver East","BC","2015","NDP",16532,6322,29316,0,5395,0,216,927,58708,28.2,10.8,49.9,0,9.2,0.4,1.6
59036,"Vancouver Granville","BC","2015","Liberal",23643,14028,14462,0,1691,0,0,0,53824,43.9,26.1,26.9,0,3.1,0,0
59037,"North Island--Powell River","BC","2015","NDP",15416,15840,24340,0,4940,0,0,0,60536,25.5,26.2,40.2,0,8.2,0,0
59038,"Vancouver Kingsway","BC","2015","NDP",12625,9538,20763,0,1476,0,0,994,45396,27.8,21,45.7,0,3.3,0,2.2
59039,"Vancouver Quadra","BC","2015","Liberal",31102,13683,5748,0,2229,0,59,151,52972,58.7,25.8,10.9,0,4.2,0.1,0.3
59040,"Vancouver South","BC","2015","Liberal",21773,15115,6230,0,1149,0,0,344,44611,48.8,33.9,14,0,2.6,0,0.8
59041,"Victoria","BC","2015","NDP",8489,8480,30397,0,23666,0,124,739,71895,11.8,11.8,42.3,0,32.9,0.2,1
59042,"West Vancouver--Sunshine Coast--Sea to Sky Country","BC","2015","Liberal",36300,17411,6554,0,5907,0,0,286,66458,54.6,26.2,9.9,0,8.9,0,0.4
60001,"Yukon","YU","2015","Liberal",10887,4928,3943,0,533,0,0,0,20291,53.7,24.3,19.4,0,2.6,0,0
61001,"Northwest Territories","NT","2015","Liberal",9172,3481,5783,0,537,0,0,0,18973,48.3,18.3,30.5,0,2.8,0,0
62001,"Nunavut","NU","2015","Liberal",5619,2956,3171,0,182,0,0,0,11928,47.1,24.8,26.6,0,1.5,0,0
10001,"Avalon","NL","2019","Liberal",19122,12855,7142,0,2215,0,0,0,41334,46.3,31.1,17.3,0,5.4,0,0
10002,"Bonavista--Burin--Trinity","NL","2019","Liberal",14707,12697,3855,0,920,0,0,0,32179,45.7,39.5,12,0,2.9,0,0
10003,"Coast of Bays--Central--Notre Dame","NL","2019","Liberal",16514,12081,4224,0,1363,0,0,0,34182,48.3,35.3,12.4,0,4,0,0
10004,"Labrador","NL","2019","Liberal",4851,3548,2796,0,224,0,0,0,11419,42.5,31.1,24.5,0,2,0,0
10005,"Long Range Mountains","NL","2019","Liberal",18199,10873,7609,0,1334,0,0,411,38426,47.4,28.3,19.8,0,3.5,0,1.1
10006,"St. John's East","NL","2019","NDP",14962,8141,21148,0,821,0,0,0,45072,33.2,18.1,46.9,0,1.8,0,0
10007,"St. John's South--Mount Pearl","NL","2019","Liberal",20793,7767,10890,0,740,335,0,141,40666,51.1,19.1,26.8,0,1.8,0,0.3
11001,"Cardigan","PEI","2019","Liberal",10939,6439,1481,0,3068,0,0,240,22167,49.3,29,6.7,0,13.8,0,1.1
11002,"Charlottetown","PEI","2019","Liberal",8812,4040,2238,0,4648,0,0,172,19910,44.3,20.3,11.2,0,23.3,0,0.9
11003,"Egmont","PEI","2019","Liberal",8016,6934,1230,0,3998,0,0,0,20178,39.7,34.4,6.1,0,19.8,0,0
11004,"Malpeque","PEI","2019","Liberal",9533,5908,1495,0,6103,0,0,0,23039,41.4,25.6,6.5,0,26.5,0,0
12001,"Cape Breton--Canso","NS","2019","Liberal",16694,14821,6354,0,3321,925,685,140,42940,38.9,34.5,14.8,0,7.7,1.6,0.3
12002,"Central Nova","NS","2019","Liberal",20718,13201,5806,0,3478,938,149,180,44470,46.6,29.7,13.1,0,7.8,0.3,0.4
12003,"Cumberland--Colchester","NS","2019","Liberal",16672,16219,5451,0,6015,608,232,253,45450,36.7,35.7,12,0,13.2,0.5,0.6
12004,"Dartmouth--Cole Harbour","NS","2019","Liberal",24259,8638,14435,0,5280,887,0,0,53499,45.3,16.1,27,0,9.9,0,0
12005,"Halifax","NS","2019","Liberal",23681,6456,16747,0,8013,633,0,222,55752,42.5,11.6,30,0,14.4,0,0.4
12006,"Halifax West","NS","2019","Liberal",26885,10488,10429,0,6555,0,0,0,54357,49.5,19.3,19.2,0,12.1,0,0
12007,"Kings--Hants","NS","2019","Liberal",20806,11905,8254,0,6029,786,0,256,48036,43.3,24.8,17.2,0,12.6,0,0.5
12008,"Sackville--Preston--Chezzetcook","NS","2019","Liberal",19925,11211,11860,0,5725,816,0,0,49537,40.2,22.6,23.9,0,11.6,0,0
12009,"South Shore--St. Margarets","NS","2019","Liberal",21886,14744,8361,0,6070,667,541,249,52518,41.7,28.1,15.9,0,11.6,1,0.5
12010,"Sydney--Victoria","NS","2019","Liberal",12536,11227,8146,0,2249,0,6159,248,40565,30.9,27.7,20.1,0,5.5,15.2,0.6
12011,"West Nova","NS","2019","Conservative",17025,18390,5010,0,5939,0,0,434,46798,36.4,39.3,10.7,0,12.7,0,0.9
13001,"Acadie--Bathurst","NB","2019","Liberal",26547,10352,6967,0,4277,0,0,0,48143,55.1,21.5,14.5,0,8.9,0,0
13002,"Beauséjour","NB","2019","Liberal",24948,9438,3940,0,14305,1054,0,0,53685,46.5,17.6,7.3,0,26.6,0,0
13003,"Fredericton","NB","2019","Green",13544,15011,2946,0,16640,776,0,492,49409,27.4,30.4,6,0,33.7,0,1
13004,"Fundy Royal","NB","2019","Conservative",12433,22389,4804,0,7275,1249,295,201,48646,25.6,46,9.9,0,15,0.6,0.4
13005,"Madawaska--Restigouche","NB","2019","Liberal",17331,9801,2212,0,5125,0,0,0,34469,50.3,28.4,6.4,0,14.9,0,0
13006,"Miramichi--Grand Lake","NB","2019","Liberal",12722,12352,2875,0,3914,1179,1556,0,34598,36.8,35.7,8.3,0,11.3,4.5,0
13007,"Moncton--Riverview--Dieppe","NB","2019","Liberal",22261,12200,6164,0,9287,1258,0,658,51828,43,23.5,11.9,0,17.9,0,1.3
13008,"New Brunswick Southwest","NB","2019","Conservative",10110,19451,3251,0,5352,1214,0,200,39578,25.5,49.1,8.2,0,13.5,0,0.5
13009,"Saint John--Rothesay","NB","2019","Liberal",15443,14006,5046,0,4165,1260,1333,0,41253,37.4,34,12.2,0,10.1,3.2,0
13010,"Tobique--Mactaquac","NB","2019","Conservative",9631,19229,3007,0,5398,936,0,0,38201,25.2,50.3,7.9,0,14.1,0,0
24001,"Abitibi--Baie-James--Nunavik--Eeyou","QB","2019","Bloc",8963,5240,4104,11432,1151,379,0,387,31656,28.3,16.6,13,36.1,3.6,0,1.2
24002,"Abitibi--Témiscamingue","QB","2019","Bloc",12417,7537,5093,22803,1818,487,0,0,50155,24.8,15,10.2,45.5,3.6,0,0
24003,"Ahuntsic-Cartierville","QB","2019","Liberal",28904,4013,6284,11974,3352,584,0,0,55111,52.4,7.3,11.4,21.7,6.1,0,0
24004,"Alfred-Pellan","QB","2019","Liberal",26015,5917,4109,15549,1958,471,113,177,54309,47.9,10.9,7.6,28.6,3.6,0.2,0.3
24005,"Argenteuil--La Petite-Nation","QB","2019","Liberal",18896,6044,3758,18167,2411,721,0,0,49997,37.8,12.1,7.5,36.3,4.8,0,0
24006,"Avignon--La Mitis--Matane--Matapédia","QB","2019","Bloc",12188,2756,1435,18500,699,210,0,180,35968,33.9,7.7,4,51.4,1.9,0,0.5
24007,"Beauce","QB","2019","Conservative",6971,22860,1847,8410,1461,16796,0,1084,59429,11.7,38.5,3.1,14.2,2.5,0,1.8
24008,"Beauport--Limoilou","QB","2019","Bloc",13020,13185,5599,15149,2127,1033,0,78,50191,25.9,26.3,11.2,30.2,4.2,0,0.2
24009,"Bécancour--Nicolet--Saurel","QB","2019","Bloc",9332,8434,2732,29653,1697,489,0,0,52337,17.8,16.1,5.2,56.7,3.2,0,0
24010,"Bellechasse--Les Etchemins--Lévis","QB","2019","Conservative",10734,32283,3256,14754,1925,1307,0,188,64447,16.7,50.1,5.1,22.9,3,0,0.3
24011,"Beloeil--Chambly","QB","2019","Bloc",16059,4305,10086,35068,3255,512,0,205,69490,23.1,6.2,14.5,50.5,4.7,0,0.3
24012,"Berthier--Maskinongé","QB","2019","Bloc",7796,5812,19698,21200,1008,428,154,258,56354,13.8,10.3,35,37.6,1.8,0.3,0.5
24013,"Thérèse-De Blainville","QB","2019","Bloc",20988,5264,4431,24486,2710,366,89,215,58549,35.8,9,7.6,41.8,4.6,0.2,0.4
24014,"Pierre-Boucher--Les Patriotes--Verchères","QB","2019","Bloc",17333,4910,4192,31009,2955,384,0,0,60783,28.5,8.1,6.9,51,4.9,0,0
24015,"Bourassa","QB","2019","Liberal",23231,2899,3204,9043,1343,347,212,72,40351,57.6,7.2,7.9,22.4,3.3,0.5,0.2
24016,"Brome--Missisquoi","QB","2019","Liberal",23450,7697,4887,21152,3302,456,0,497,61441,38.2,12.5,8,34.4,5.4,0,0.8
24017,"Brossard--Saint-Lambert","QB","2019","Liberal",30537,6112,5410,11131,2935,527,0,0,56652,53.9,10.8,9.5,19.6,5.2,0,0
24018,"Rimouski-Neigette--Témiscouata--Les Basques","QB","2019","Bloc",10095,4073,13050,17314,824,232,0,179,45767,22.1,8.9,28.5,37.8,1.8,0,0.4
24019,"Charlesbourg--Haute-Saint-Charles","QB","2019","Conservative",12584,22484,4554,16053,2042,1379,0,0,59096,21.3,38,7.7,27.2,3.5,0,0
24020,"Beauport-Côte-de-Beaupré-Île d'Orléans-Charlevoix","QB","2019","Bloc",10608,15044,2841,18407,1355,1045,0,1335,50635,20.9,29.7,5.6,36.4,2.7,0,2.6
24021,"Châteauguay--Lacolle","QB","2019","Liberal",20118,5851,4005,19479,1929,563,0,457,52402,38.4,11.2,7.6,37.2,3.7,0,0.9
24022,"Chicoutimi--Le Fjord","QB","2019","Conservative",7504,16155,2855,15321,1388,359,0,299,43881,17.1,36.8,6.5,34.9,3.2,0,0.7
24023,"Compton--Stanstead","QB","2019","Liberal",21731,8446,5607,18571,3044,586,0,252,58237,37.3,14.5,9.6,31.9,5.2,0,0.4
24024,"Dorval--Lachine--LaSalle","QB","2019","Liberal",27821,5543,6207,8974,2898,528,0,603,52574,52.9,10.5,11.8,17.1,5.5,0,1.1
24025,"Drummond","QB","2019","Bloc",9552,9083,8716,24574,1856,525,0,518,54824,17.4,16.6,15.9,44.8,3.4,0,0.9
24026,"Gaspésie--Les Îles-de-la-Madeleine","QB","2019","Liberal",16296,3022,1722,15659,1130,198,0,353,38380,42.5,7.9,4.5,40.8,2.9,0,0.9
24027,"Gatineau","QB","2019","Liberal",29084,5745,6128,11926,2264,560,0,76,55783,52.1,10.3,11,21.4,4.1,0,0.1
24028,"Hochelaga","QB","2019","Liberal",18008,2381,11451,17680,2618,377,0,522,53037,34,4.5,21.6,33.3,4.9,0,1
24029,"Honoré-Mercier","QB","2019","Liberal",29543,4808,4130,9979,1373,459,0,71,50363,58.7,9.5,8.2,19.8,2.7,0,0.1
24030,"Hull--Aylmer","QB","2019","Liberal",29732,4979,7467,8011,3869,638,0,297,54993,54.1,9.1,13.6,14.6,7,0,0.5
24031,"Joliette","QB","2019","Bloc",12995,5176,2623,33590,2343,498,0,474,57699,22.5,9,4.5,58.2,4.1,0,0.8
24032,"Jonquière","QB","2019","Bloc",7849,10338,12141,17577,1009,453,0,0,49367,15.9,20.9,24.6,35.6,2,0,0
24033,"La Pointe-de-l'Île","QB","2019","Bloc",16898,3984,6057,26010,1910,388,0,287,55534,30.4,7.2,10.9,46.8,3.4,0,0.5
24034,"La Prairie","QB","2019","Bloc",22504,5540,4744,25707,2565,393,0,100,61553,36.6,9,7.7,41.8,4.2,0,0.2
24035,"Lac-Saint-Jean","QB","2019","Bloc",13633,12544,2753,23839,1010,448,0,0,54227,25.1,23.1,5.1,44,1.9,0,0
24036,"Lac-Saint-Louis","QB","2019","Liberal",34622,9083,7263,3169,4176,805,0,407,59525,58.2,15.3,12.2,5.3,7,0,0.7
24037,"LaSalle--Émard--Verdun","QB","2019","Liberal",22803,3690,8628,12619,3583,490,274,304,52391,43.5,7,16.5,24.1,6.8,0.5,0.6
24038,"Laurentides--Labelle","QB","2019","Bloc",21655,4983,4122,30625,3157,418,174,272,65406,33.1,7.6,6.3,46.8,4.8,0.3,0.4
24039,"Laurier--Sainte-Marie","QB","2019","Liberal",22306,1502,13453,12188,3225,320,42,373,53409,41.8,2.8,25.2,22.8,6,0.1,0.7
24040,"Laval--Les Îles","QB","2019","Liberal",26031,8816,4803,11120,2306,885,0,0,53961,48.2,16.3,8.9,20.6,4.3,0,0
24041,"Longueuil--Charles-LeMoyne","QB","2019","Liberal",20114,3811,5289,18794,2978,558,0,0,51544,39,7.4,10.3,36.5,5.8,0,0
24042,"Lévis--Lotbinière","QB","2019","Conservative",10761,28297,4355,15921,1908,2247,0,0,63489,16.9,44.6,6.9,25.1,3,0,0
24043,"Longueuil--Saint-Hubert","QB","2019","Bloc",20471,3779,5104,23061,6745,467,217,0,59844,34.2,6.3,8.5,38.5,11.3,0.4,0
24044,"Louis-Hébert","QB","2019","Liberal",25140,10912,4884,17375,2466,1016,267,0,62060,40.5,17.6,7.9,28,4,0.4,0
24045,"Louis-Saint-Laurent","QB","2019","Conservative",13571,29279,4339,14674,2155,1543,0,0,65561,20.7,44.7,6.6,22.4,3.3,0,0
24046,"Manicouagan","QB","2019","Bloc",7793,7771,1482,21768,1293,283,0,0,40390,19.3,19.2,3.7,53.9,3.2,0,0
24047,"Mégantic--L'Érable","QB","2019","Conservative",7388,23392,1936,12249,1258,812,217,256,47508,15.6,49.2,4.1,25.8,2.6,0.5,0.5
24048,"Mirabel","QB","2019","Bloc",16162,5940,5219,33219,3517,641,0,332,65030,24.9,9.1,8,51.1,5.4,0,0.5
24049,"Montarville","QB","2019","Bloc",21061,4138,4984,25366,2967,501,0,211,59228,35.6,7,8.4,42.8,5,0,0.4
24050,"Montcalm","QB","2019","Bloc",11200,4942,3514,31791,2416,524,0,419,54806,20.4,9,6.4,58,4.4,0,0.8
24051,"Montmagny--L'Islet--Kamouraska--Rivière-du-Loup","QB","2019","Conservative",8210,20989,3481,16261,1030,417,0,0,50388,16.3,41.7,6.9,32.3,2,0,0
24052,"Mount Royal","QB","2019","Liberal",24590,10887,3609,1757,2389,362,0,85,43679,56.3,24.9,8.3,4,5.5,0,0.2
24053,"Notre-Dame-de-Grâce--Westmount","QB","2019","Liberal",28323,5759,7753,2359,5397,565,98,67,50321,56.3,11.4,15.4,4.7,10.7,0.2,0.1
24054,"Outremont","QB","2019","Liberal",19148,2707,8319,5741,5018,369,0,155,41457,46.2,6.5,20.1,13.8,12.1,0,0.4
24055,"Papineau","QB","2019","Liberal",25957,2155,9748,8124,3741,322,76,658,50781,51.1,4.2,19.2,16,7.4,0.1,1.3
24056,"Pierrefonds--Dollard","QB","2019","Liberal",31305,9797,5687,4469,2866,711,636,0,55471,56.4,17.7,10.3,8.1,5.2,1.1,0
24057,"Pontiac","QB","2019","Liberal",30217,10416,6503,9929,3762,775,0,245,61847,48.9,16.8,10.5,16.1,6.1,0,0.4
24058,"Portneuf--Jacques-Cartier","QB","2019","Conservative",12876,28110,3758,15707,2308,1915,0,0,64674,19.9,43.5,5.8,24.3,3.6,0,0
24059,"Québec","QB","2019","Liberal",18047,8118,6220,17722,2949,674,0,468,54198,33.3,15,11.5,32.7,5.4,0,0.9
24060,"Repentigny","QB","2019","Bloc",18111,4878,4470,34837,2289,524,0,347,65456,27.7,7.5,6.8,53.2,3.5,0,0.5
24061,"Richmond--Arthabaska","QB","2019","Conservative",8868,26553,2864,16539,3133,681,0,0,58638,15.1,45.3,4.9,28.2,5.3,0,0
24062,"Rivière-des-Mille-Îles","QB","2019","Bloc",21009,4684,5002,23629,3015,845,0,0,58184,36.1,8.1,8.6,40.6,5.2,0,0
24063,"Rivière-du-Nord","QB","2019","Bloc",13402,7120,4194,31281,3345,407,127,225,60101,22.3,11.8,7,52,5.6,0.2,0.4
24064,"Rosemont--La Petite-Patrie","QB","2019","NDP",14576,1405,25575,14306,3539,293,0,512,60206,24.2,2.3,42.5,23.8,5.9,0,0.9
24065,"Marc-Aurèle-Fortin","QB","2019","Liberal",24865,5423,4741,18069,2111,465,143,0,55817,44.5,9.7,8.5,32.4,3.8,0.3,0
24066,"Saint-Hyacinthe--Bagot","QB","2019","Bloc",11903,8062,10297,23143,2031,478,0,0,55914,21.3,14.4,18.4,41.4,3.6,0,0
24067,"Saint-Jean","QB","2019","Bloc",18906,6612,4794,27750,3127,397,0,289,61875,30.6,10.7,7.7,44.8,5.1,0,0.5
24068,"Saint-Laurent","QB","2019","Liberal",23527,7005,4065,2845,2150,484,0,71,40147,58.6,17.4,10.1,7.1,5.4,0,0.2
24069,"Saint-Léonard--Saint-Michel","QB","2019","Liberal",27866,5423,2964,4351,1183,501,3061,85,45434,61.3,11.9,6.5,9.6,2.6,6.7,0.2
24070,"Saint-Maurice--Champlain","QB","2019","Liberal",23104,9542,3071,19950,1809,938,0,0,58414,39.6,16.3,5.3,34.2,3.1,0,0
24071,"Salaberry--Suroît","QB","2019","Bloc",18682,6116,5024,29975,1997,767,0,342,62903,29.7,9.7,8,47.7,3.2,0,0.5
24072,"Shefford","QB","2019","Bloc",22605,7495,3705,23503,2814,497,0,294,60913,37.1,12.3,6.1,38.6,4.6,0,0.5
24073,"Sherbrooke","QB","2019","Liberal",17490,6362,16881,15470,2716,0,471,336,59726,29.3,10.7,28.3,25.9,4.5,0.8,0.6
24074,"Vaudreuil--Soulanges","QB","2019","Liberal",32254,7804,7368,16600,3405,711,0,0,68142,47.3,11.5,10.8,24.4,5,0,0
24075,"Terrebonne","QB","2019","Bloc",17944,4640,4627,31029,2277,399,159,260,61335,29.3,7.6,7.5,50.6,3.7,0.3,0.4
24076,"Trois-Rivières","QB","2019","Bloc",15774,15240,10090,17240,1492,565,137,0,60538,26.1,25.2,16.7,28.5,2.5,0.2,0
24077,"Ville-Marie--Le Sud-Ouest--Île-des-Soeurs","QB","2019","Liberal",28087,4609,8274,6899,3718,520,117,298,52522,53.5,8.8,15.8,13.1,7.1,0.2,0.6
24078,"Vimy","QB","2019","Liberal",26490,5951,4779,15455,2125,733,0,0,55533,47.7,10.7,8.6,27.8,3.8,0,0
35001,"Ajax","ON","2019","Liberal",35198,15864,7033,0,2040,588,297,0,61020,57.7,26,11.5,0,3.3,0.5,0
35002,"Algoma--Manitoulin--Kapuskasing","ON","2019","NDP",9879,10625,16883,0,2192,887,0,125,40591,24.3,26.2,41.6,0,5.4,0,0.3
35003,"Aurora--Oak Ridges--Richmond Hill","ON","2019","Conservative",22508,23568,3820,0,2154,530,0,529,53109,42.4,44.4,7.2,0,4.1,0,1
35004,"Barrie--Innisfil","ON","2019","Conservative",15879,23765,8880,0,4716,1013,0,0,54253,29.3,43.8,16.4,0,8.7,0,0
35005,"Barrie--Springwater--Oro-Medonte","ON","2019","Conservative",16805,20981,7972,0,7066,969,0,0,53793,31.2,39,14.8,0,13.1,0,0
35006,"Bay of Quinte","ON","2019","Liberal",24099,22650,9851,0,3740,1207,0,0,61547,39.2,36.8,16,0,6.1,0,0
35007,"Beaches--East York","ON","2019","Liberal",32647,8026,12196,0,3378,831,0,0,57078,57.2,14.1,21.4,0,5.9,0,0
35008,"Brampton Centre","ON","2019","Liberal",18771,10696,7819,0,1685,681,0,106,39758,47.2,26.9,19.7,0,4.2,0,0.3
35009,"Brampton East","ON","2019","Liberal",24050,12125,13368,0,666,244,211,89,50753,47.4,23.9,26.3,0,1.3,0.4,0.2
35010,"Brampton North","ON","2019","Liberal",25970,13973,8533,0,1516,510,0,0,50502,51.4,27.7,16.9,0,3,0,0
35011,"Brampton South","ON","2019","Liberal",24085,13828,7985,0,1926,354,0,505,48683,49.5,28.4,16.4,0,4,0,1
35012,"Brampton West","ON","2019","Liberal",28743,12824,9855,0,1271,505,0,485,53683,53.5,23.9,18.4,0,2.4,0,0.9
35013,"Brantford--Brant","ON","2019","Conservative",20454,26849,13131,0,4257,1320,261,394,66666,30.7,40.3,19.7,0,6.4,0.4,0.6
35014,"Bruce--Grey--Owen Sound","ON","2019","Conservative",17485,26830,6797,0,5114,1614,0,321,58161,30.1,46.1,11.7,0,8.8,0,0.6
35015,"Burlington","ON","2019","Liberal",34989,23930,7372,0,4750,944,0,0,71985,48.6,33.2,10.2,0,6.6,0,0
35016,"Cambridge","ON","2019","Liberal",22903,17409,11177,0,4343,1872,0,238,57942,39.5,30,19.3,0,7.5,0,0.4
35017,"Chatham-Kent--Leamington","ON","2019","Conservative",16899,25359,8229,0,2233,1061,0,307,54088,31.2,46.9,15.2,0,4.1,0,0.6
35018,"Davenport","ON","2019","Liberal",23251,4921,21812,0,2397,496,165,138,53180,43.7,9.3,41,0,4.5,0.3,0.3
35019,"Don Valley East","ON","2019","Liberal",25295,10115,4647,0,1675,562,0,0,42294,59.8,23.9,11,0,4,0,0
35020,"Don Valley North","ON","2019","Liberal",23495,16506,4285,0,1803,482,0,0,46571,50.4,35.4,9.2,0,3.9,0,0
35021,"Don Valley West","ON","2019","Liberal",29148,16304,3804,0,2257,444,0,277,52234,55.8,31.2,7.3,0,4.3,0,0.5
35022,"Dufferin--Caledon","ON","2019","Conservative",22645,28852,7981,0,7303,1516,0,319,68616,33,42,11.6,0,10.6,0,0.5
35023,"Durham","ON","2019","Conservative",23547,30752,13323,0,3950,1442,0,0,73014,32.2,42.1,18.2,0,5.4,0,0
35024,"Eglinton--Lawrence","ON","2019","Liberal",29850,18549,4741,0,2278,586,0,0,56004,53.3,33.1,8.5,0,4.1,0,0
35025,"Elgin--Middlesex--London","ON","2019","Conservative",14324,31026,11019,0,3562,956,0,867,61754,23.2,50.2,17.8,0,5.8,0,1.4
35026,"Essex","ON","2019","Conservative",12987,28274,23603,0,2173,1251,0,0,68288,19,41.4,34.6,0,3.2,0,0
35027,"Etobicoke Centre","ON","2019","Liberal",32800,21804,4881,0,2775,664,0,295,63219,51.9,34.5,7.7,0,4.4,0,0.5
35028,"Etobicoke--Lakeshore","ON","2019","Liberal",36061,19952,8277,0,4141,921,0,163,69515,51.9,28.7,11.9,0,6,0,0.2
35029,"Etobicoke North","ON","2019","Liberal",26388,9524,4654,0,1080,1196,0,104,42946,61.4,22.2,10.8,0,2.5,0,0.2
35030,"Flamborough--Glanbrook","ON","2019","Conservative",22875,24527,10322,0,3833,982,0,0,62539,36.6,39.2,16.5,0,6.1,0,0
35031,"Glengarry--Prescott--Russell","ON","2019","Liberal",31293,23660,6851,0,2113,1174,239,461,65791,47.6,36,10.4,0,3.2,0.4,0.7
35032,"Guelph","ON","2019","Liberal",30497,14568,9297,0,19236,1087,219,664,75568,40.4,19.3,12.3,0,25.5,0.3,0.9
35033,"Haldimand--Norfolk","ON","2019","Conservative",14704,28018,9192,0,4878,1234,0,1900,59926,24.5,46.8,15.3,0,8.1,0,3.2
35034,"Haliburton--Kawartha Lakes--Brock","ON","2019","Conservative",17067,32257,9676,0,5515,1245,0,0,65760,26,49.1,14.7,0,8.4,0,0
35035,"Hamilton Centre","ON","2019","NDP",12651,6341,20368,0,3370,833,377,182,44122,28.7,14.4,46.2,0,7.6,0.9,0.4
35036,"Hamilton East--Stoney Creek","ON","2019","Liberal",20112,13130,14930,0,2902,1072,0,0,52146,38.6,25.2,28.6,0,5.6,0,0
35037,"Hamilton Mountain","ON","2019","NDP",16057,13443,19135,0,3115,760,0,439,52949,30.3,25.4,36.1,0,5.9,0,0.8
35038,"Hamilton West--Ancaster--Dundas","ON","2019","Liberal",30214,17340,11527,0,4770,894,0,156,64901,46.6,26.7,17.8,0,7.3,0,0.2
35039,"Hastings--Lennox and Addington","ON","2019","Conservative",19721,21968,6984,0,3114,1307,0,0,53094,37.1,41.4,13.2,0,5.9,0,0
35040,"Huron--Bruce","ON","2019","Conservative",20167,29512,7421,0,2665,1102,0,0,60867,33.1,48.5,12.2,0,4.4,0,0
35041,"Kanata--Carleton","ON","2019","Liberal",28746,24361,8317,0,4387,961,0,0,66772,43.1,36.5,12.5,0,6.6,0,0
35042,"Kenora","ON","2019","Conservative",8335,9445,7923,0,1526,388,170,0,27787,30,34,28.5,0,5.5,0.6,0
35043,"King--Vaughan","ON","2019","Liberal",28725,27584,4297,0,2511,731,0,0,63848,45,43.2,6.7,0,3.9,0,0
35044,"Kingston and the Islands","ON","2019","Liberal",31205,13304,15856,0,6059,1769,0,0,68193,45.8,19.5,23.3,0,8.9,0,0
35045,"Kitchener Centre","ON","2019","Liberal",20316,13191,6238,0,14394,1033,0,202,55374,36.7,23.8,11.3,0,26,0,0.4
35046,"Kitchener--Conestoga","ON","2019","Liberal",20480,20115,5204,0,4946,790,0,0,51535,39.7,39,10.1,0,9.6,0,0
35047,"Kitchener South--Hespeler","ON","2019","Liberal",20986,17480,6945,0,5671,1005,0,146,52233,40.2,33.5,13.3,0,10.9,0,0.3
35048,"Lambton--Kent--Middlesex","ON","2019","Conservative",14814,28651,9355,0,3463,1804,0,325,58412,25.4,49,16,0,5.9,0,0.6
35049,"Lanark--Frontenac--Kingston","ON","2019","Conservative",15441,30077,8835,0,7011,1117,0,0,62481,24.7,48.1,14.1,0,11.2,0,0
35050,"Leeds--Grenville--Thousand Islands and Rideau Lakes","ON","2019","Conservative",15482,28630,8201,0,5152,988,0,0,58453,26.5,49,14,0,8.8,0,0
35051,"London--Fanshawe","ON","2019","NDP",14924,13770,22671,0,2781,1132,297,0,55575,26.9,24.8,40.8,0,5,0.5,0
35052,"London North Centre","ON","2019","Liberal",27247,15066,14887,0,4872,1532,0,137,63741,42.7,23.6,23.4,0,7.6,0,0.2
35053,"London West","ON","2019","Liberal",30622,19910,15220,0,3827,1171,0,523,71273,43,27.9,21.4,0,5.4,0,0.7
35054,"Markham--Stouffville","ON","2019","Liberal",25055,19703,4132,0,1621,537,13340,0,64388,38.9,30.6,6.4,0,2.5,20.7,0
35055,"Markham--Thornhill","ON","2019","Liberal",23899,15319,3233,0,1247,357,276,0,44331,53.9,34.6,7.3,0,2.8,0.6,0
35056,"Markham--Unionville","ON","2019","Conservative",20484,26133,3524,0,2394,861,0,0,53396,38.4,48.9,6.6,0,4.5,0,0
35057,"Milton","ON","2019","Liberal",30882,21564,3851,0,2769,613,0,0,59679,51.7,36.1,6.5,0,4.6,0,0
35058,"Mississauga Centre","ON","2019","Liberal",29974,15874,5173,0,1646,837,252,0,53756,55.8,29.5,9.6,0,3.1,0.5,0
35059,"Mississauga East--Cooksville","ON","2019","Liberal",27923,17664,4643,0,1578,637,0,178,52623,53.1,33.6,8.8,0,3,0,0.3
35060,"Mississauga--Erin Mills","ON","2019","Liberal",31181,19050,5236,0,2147,648,0,0,58262,53.5,32.7,9,0,3.7,0,0
35061,"Mississauga--Lakeshore","ON","2019","Liberal",29526,22740,5103,0,2814,717,0,99,60999,48.4,37.3,8.4,0,4.6,0,0.2
35062,"Mississauga--Malton","ON","2019","Liberal",27890,12528,6103,0,1251,369,0,396,48537,57.5,25.8,12.6,0,2.6,0,0.8
35063,"Mississauga--Streetsville","ON","2019","Liberal",29618,19474,6036,0,2688,706,0,243,58765,50.4,33.1,10.3,0,4.6,0,0.4
35064,"Nepean","ON","2019","Liberal",31933,23320,9104,0,4379,687,0,160,69583,45.9,33.5,13.1,0,6.3,0,0.2
35065,"Newmarket--Aurora","ON","2019","Liberal",26488,23252,6576,0,3551,588,0,1005,61460,43.1,37.8,10.7,0,5.8,0,1.6
35066,"Niagara Centre","ON","2019","Liberal",20292,17987,15469,0,3054,776,0,385,57963,35,31,26.7,0,5.3,0,0.7
35067,"Niagara Falls","ON","2019","Conservative",22690,24751,12566,0,3404,968,4997,358,69734,32.5,35.5,18,0,4.9,7.2,0.5
35068,"Niagara West","ON","2019","Conservative",17429,24447,6540,0,3620,869,0,1019,53924,32.3,45.3,12.1,0,6.7,0,1.9
35069,"Nickel Belt","ON","2019","Liberal",19046,10343,15656,0,2644,1159,0,0,48848,39,21.2,32.1,0,5.4,0,0
35070,"Nipissing--Timiskaming","ON","2019","Liberal",19352,12984,9784,0,3111,2496,0,0,47727,40.5,27.2,20.5,0,6.5,0,0
35071,"Northumberland--Peterborough South","ON","2019","Conservative",24977,27385,9615,0,5524,1460,0,0,68961,36.2,39.7,13.9,0,8,0,0
35072,"Oakville","ON","2019","Liberal",30265,25561,4928,0,3704,798,0,145,65401,46.3,39.1,7.5,0,5.7,0,0.2
35073,"Oakville North--Burlington","ON","2019","Liberal",33597,26484,5866,0,2925,751,0,0,69623,48.3,38,8.4,0,4.2,0,0
35074,"Oshawa","ON","2019","Conservative",15750,24087,17668,0,3151,1215,0,112,61983,25.4,38.9,28.5,0,5.1,0,0.2
35075,"Ottawa Centre","ON","2019","Liberal",38391,9920,22916,0,5837,720,242,876,78902,48.7,12.6,29,0,7.4,0.3,1.1
35076,"Orléans","ON","2019","Liberal",44183,22984,9428,0,3829,986,0,0,81410,54.3,28.2,11.6,0,4.7,0,0
35077,"Ottawa South","ON","2019","Liberal",34205,16025,10457,0,3645,717,228,99,65376,52.3,24.5,16,0,5.6,0.3,0.2
35078,"Ottawa--Vanier","ON","2019","Liberal",32679,11118,13516,0,4796,1064,305,403,63881,51.2,17.4,21.2,0,7.5,0.5,0.6
35079,"Ottawa West--Nepean","ON","2019","Liberal",28378,16876,11646,0,3894,839,0,573,62206,45.6,27.1,18.7,0,6.3,0,0.9
35080,"Oxford","ON","2019","Conservative",11745,29310,12306,0,4770,1774,0,986,60891,19.3,48.1,20.2,0,7.8,0,1.6
35081,"Parkdale--High Park","ON","2019","Liberal",28852,8015,19180,0,3916,643,0,281,60887,47.4,13.2,31.5,0,6.4,0,0.5
35082,"Parry Sound--Muskoka","ON","2019","Conservative",16615,22845,6417,0,8409,0,377,0,54663,30.4,41.8,11.7,0,15.4,0.7,0
35083,"Perth--Wellington","ON","2019","Conservative",15002,25622,8094,0,4949,894,0,733,55294,27.1,46.3,14.6,0,9,0,1.3
35084,"Peterborough--Kawartha","ON","2019","Liberal",27400,24357,11872,0,4930,890,180,172,69801,39.3,34.9,17,0,7.1,0.3,0.2
35085,"Pickering--Uxbridge","ON","2019","Liberal",32387,18462,7582,0,3799,1265,0,0,63495,51,29.1,11.9,0,6,0,0
35086,"Renfrew--Nipissing--Pembroke","ON","2019","Conservative",11532,31080,8786,0,3230,1463,2242,624,58957,19.6,52.7,14.9,0,5.5,3.8,1.1
35087,"Richmond Hill","ON","2019","Liberal",21804,21592,4425,0,1695,507,0,126,50149,43.5,43.1,8.8,0,3.4,0,0.3
35088,"Carleton","ON","2019","Conservative",26518,32147,6479,0,3423,792,0,0,69359,38.2,46.3,9.3,0,4.9,0,0
35089,"St. Catharines","ON","2019","Liberal",24183,18978,12431,0,3695,826,0,0,60113,40.2,31.6,20.7,0,6.1,0,0
35090,"Toronto--St. Paul's","ON","2019","Liberal",32494,12933,9442,0,4042,923,0,0,59834,54.3,21.6,15.8,0,6.8,0,0
35091,"Sarnia--Lambton","ON","2019","Conservative",12041,28623,12644,0,2490,1587,0,531,57916,20.8,49.4,21.8,0,4.3,0,0.9
35092,"Sault Ste. Marie","ON","2019","Liberal",16284,13407,9459,0,1809,741,0,0,41700,39.1,32.2,22.7,0,4.3,0,0
35093,"Scarborough--Agincourt","ON","2019","Liberal",21115,15492,3636,0,1050,521,0,0,41814,50.5,37,8.7,0,2.5,0,0
35094,"Scarborough Centre","ON","2019","Liberal",25695,10387,5452,0,1336,1162,2524,0,46556,55.2,22.3,11.7,0,2.9,5.4,0
35095,"Scarborough--Guildwood","ON","2019","Liberal",26123,9553,4806,0,1220,648,252,140,42742,61.1,22.4,11.2,0,2.9,0.6,0.3
35096,"Scarborough North","ON","2019","Liberal",20911,11838,5039,0,796,370,0,83,39037,53.6,30.3,12.9,0,2,0,0.2
35097,"Scarborough--Rouge Park","ON","2019","Liberal",31360,10115,5801,0,2330,467,0,353,50426,62.2,20.1,11.5,0,4.6,0,0.7
35098,"Scarborough Southwest","ON","2019","Liberal",28965,10502,7865,0,2477,590,0,236,50635,57.2,20.7,15.5,0,4.9,0,0.5
35099,"Simcoe--Grey","ON","2019","Conservative",23925,32812,8462,0,8589,1416,0,305,75509,31.7,43.5,11.2,0,11.4,0,0.4
35100,"Simcoe North","ON","2019","Conservative",19310,27241,8850,0,5882,1154,0,341,62778,30.8,43.4,14.1,0,9.4,0,0.5
35101,"Spadina--Fort York","ON","2019","Liberal",33822,10680,12188,0,3174,672,114,0,60650,55.8,17.6,20.1,0,5.2,0.2,0
35102,"Stormont--Dundas--South Glengarry","ON","2019","Conservative",13767,28976,7674,0,2126,1168,0,0,53711,25.6,53.9,14.3,0,4,0,0
35103,"Sudbury","ON","2019","Liberal",19643,9864,13885,0,3225,873,205,282,47977,40.9,20.6,28.9,0,6.7,0.4,0.6
35104,"Thornhill","ON","2019","Conservative",18946,29187,3469,0,1600,0,0,294,53496,35.4,54.6,6.5,0,3,0,0.5
35105,"Thunder Bay--Rainy River","ON","2019","Liberal",14498,12039,11944,0,1829,741,0,0,41051,35.3,29.3,29.1,0,4.5,0,0
35106,"Thunder Bay--Superior North","ON","2019","Liberal",18502,11036,9126,0,3639,734,0,140,43177,42.9,25.6,21.1,0,8.4,0,0.3
35107,"Timmins--James Bay","ON","2019","NDP",9443,9907,14885,0,1257,1248,0,0,36740,25.7,27,40.5,0,3.4,0,0
35108,"Toronto Centre","ON","2019","Liberal",31271,6613,12142,0,3852,0,126,508,54512,57.4,12.1,22.3,0,7.1,0.2,0.9
35109,"Toronto--Danforth","ON","2019","Liberal",27681,6091,19283,0,3761,621,210,412,58059,47.7,10.5,33.2,0,6.5,0.4,0.7
35110,"University--Rosedale","ON","2019","Liberal",29652,9342,12573,0,4861,510,0,453,57391,51.7,16.3,21.9,0,8.5,0,0.8
35111,"Vaughan--Woodbridge","ON","2019","Liberal",25810,18289,3910,0,1302,852,165,0,50328,51.3,36.3,7.8,0,2.6,0.3,0
35112,"Waterloo","ON","2019","Liberal",31085,15615,9710,0,6184,1112,0,0,63706,48.8,24.5,15.2,0,9.7,0,0
35113,"Wellington--Halton Hills","ON","2019","Conservative",19777,33044,6499,0,8851,1509,0,0,69680,28.4,47.4,9.3,0,12.7,0,0
35114,"Whitby","ON","2019","Liberal",30182,24564,9760,0,3735,860,0,0,69101,43.7,35.5,14.1,0,5.4,0,0
35115,"Willowdale","ON","2019","Liberal",22282,16452,4231,0,1671,563,271,0,45470,49,36.2,9.3,0,3.7,0.6,0
35116,"Windsor--Tecumseh","ON","2019","Liberal",19046,15851,18417,0,2177,1279,0,187,56957,33.4,27.8,32.3,0,3.8,0,0.3
35117,"Windsor West","ON","2019","NDP",18878,9925,20800,0,1325,958,0,76,51962,36.3,19.1,40,0,2.5,0,0.1
35118,"York Centre","ON","2019","Liberal",21680,15852,4251,0,1403,0,0,0,43186,50.2,36.7,9.8,0,3.2,0,0
35119,"York--Simcoe","ON","2019","Conservative",14407,24918,7620,0,4650,875,0,1311,53781,26.8,46.3,14.2,0,8.6,0,2.4
35120,"York South--Weston","ON","2019","Liberal",25976,8415,7754,0,1633,685,0,0,44463,58.4,18.9,17.4,0,3.7,0,0
35121,"Humber River--Black Creek","ON","2019","Liberal",23187,6164,7198,0,804,402,0,203,37958,61.1,16.2,19,0,2.1,0,0.5
46001,"Brandon--Souris","MB","2019","Conservative",4972,26148,5805,0,2984,691,326,280,41206,12.1,63.5,14.1,0,7.2,0.8,0.7
46002,"Charleswood--St. James--Assiniboia--Headingley","MB","2019","Conservative",16398,18815,6556,0,2178,1975,140,166,46228,35.5,40.7,14.2,0,4.7,0.3,0.4
46003,"Churchill--Keewatinook Aski","MB","2019","NDP",5616,4714,11919,0,1144,294,0,0,23687,23.7,19.9,50.3,0,4.8,0,0
46004,"Dauphin--Swan River--Neepawa","MB","2019","Conservative",5344,26103,5724,0,2214,711,0,470,40566,13.2,64.3,14.1,0,5.5,0,1.2
46005,"Elmwood--Transcona","MB","2019","NDP",5346,16240,19786,0,1480,512,0,0,43364,12.3,37.5,45.6,0,3.4,0,0
46006,"Kildonan--St. Paul","MB","2019","Conservative",12356,19856,9387,0,1777,510,108,304,44298,27.9,44.8,21.2,0,4,0.2,0.7
46007,"Portage--Lisgar","MB","2019","Conservative",4779,31600,3872,0,2356,1169,0,860,44636,10.7,70.8,8.7,0,5.3,0,1.9
46008,"Provencher","MB","2019","Conservative",6347,31821,6187,0,2884,1066,0,0,48305,13.1,65.9,12.8,0,6,0,0
46009,"Saint Boniface--Saint Vital","MB","2019","Liberal",20300,15436,8037,0,2671,591,303,0,47338,42.9,32.6,17,0,5.6,0.6,0
46010,"Selkirk--Interlake--Eastman","MB","2019","Conservative",6003,31109,8873,0,2934,683,0,0,49602,12.1,62.7,17.9,0,5.9,0,0
46011,"Winnipeg Centre","MB","2019","NDP",10704,5561,13073,0,1661,474,0,251,31724,33.7,17.5,41.2,0,5.2,0,0.8
46012,"Winnipeg North","MB","2019","Liberal",15581,6820,8469,0,906,324,231,404,32735,47.6,20.8,25.9,0,2.8,0.7,1.2
46013,"Winnipeg South","MB","2019","Liberal",20182,18537,6678,0,2073,419,0,0,47889,42.1,38.7,13.9,0,4.3,0,0
46014,"Winnipeg South Centre","MB","2019","Liberal",22799,15051,8965,0,3173,569,0,104,50661,45,29.7,17.7,0,6.3,0,0.2
47001,"Battlefords--Lloydminster","SK","2019","Conservative",2426,28030,4098,0,605,662,0,0,35821,6.8,78.3,11.4,0,1.7,0,0
47002,"Cypress Hills--Grasslands","SK","2019","Conservative",1595,31140,3666,0,719,1075,220,0,38415,4.2,81.1,9.5,0,1.9,0.6,0
47003,"Desnethé--Missinippi--Churchill River","SK","2019","Conservative",7225,11531,7741,0,543,217,0,0,27257,26.5,42.3,28.4,0,2,0,0
47004,"Carlton Trail--Eagle Creek","SK","2019","Conservative",2085,35313,5535,0,873,799,344,0,44949,4.6,78.6,12.3,0,1.9,0.8,0
47005,"Moose Jaw--Lake Centre--Lanigan","SK","2019","Conservative",2517,31993,7660,0,1201,1613,0,0,44984,5.6,71.1,17,0,2.7,0,0
47006,"Prince Albert","SK","2019","Conservative",4107,26891,6925,0,839,778,0,170,39710,10.3,67.7,17.4,0,2.1,0,0.4
47007,"Regina--Lewvan","SK","2019","Conservative",6826,27088,14767,0,2099,573,201,60,51614,13.2,52.5,28.6,0,4.1,0.4,0.1
47008,"Regina--Qu'Appelle","SK","2019","Conservative",4543,24463,7685,0,1282,513,78,191,38755,11.7,63.1,19.8,0,3.3,0.2,0.5
47009,"Regina--Wascana","SK","2019","Conservative",15242,22418,5801,0,1316,450,128,0,45355,33.6,49.4,12.8,0,2.9,0.3,0
47010,"Saskatoon--Grasswood","SK","2019","Conservative",8419,26336,12672,0,1320,692,0,0,49439,17,53.3,25.6,0,2.7,0,0
47011,"Saskatoon--University","SK","2019","Conservative",6146,24514,13994,0,1401,667,0,305,47027,13.1,52.1,29.8,0,3,0,0.6
47012,"Saskatoon West","SK","2019","Conservative",2863,18597,15708,0,1042,775,0,0,38985,7.3,47.7,40.3,0,2.7,0,0
47013,"Souris--Moose Mountain","SK","2019","Conservative",1718,35067,3214,0,681,702,0,168,41550,4.1,84.4,7.7,0,1.6,0,0.4
47014,"Yorkton--Melville","SK","2019","Conservative",2488,29523,4747,0,1070,941,0,0,38769,6.4,76.2,12.2,0,2.8,0,0
48001,"Banff--Airdrie","AB","2019","Conservative",8425,55504,8185,0,3315,2651,0,0,78080,10.8,71.1,10.5,0,4.2,0,0
48002,"Battle River--Crowfoot","AB","2019","Conservative",2557,53309,3185,0,1689,1620,0,0,62360,4.1,85.5,5.1,0,2.7,0,0
48003,"Bow River","AB","2019","Conservative",3173,46279,3086,0,826,1321,0,453,55138,5.8,83.9,5.6,0,1.5,0,0.8
48004,"Calgary Centre","AB","2019","Conservative",17771,37306,6516,0,2853,907,138,373,65864,27,56.6,9.9,0,4.3,0.2,0.6
48005,"Calgary Confederation","AB","2019","Conservative",14908,36312,7312,0,5700,1136,0,524,65892,22.6,55.1,11.1,0,8.7,0,0.8
48006,"Calgary Forest Lawn","AB","2019","Conservative",8690,23805,4227,0,1318,1089,388,447,39964,21.7,59.6,10.6,0,3.3,1,1.1
48007,"Calgary Heritage","AB","2019","Conservative",8057,40817,5278,0,2027,1123,228,185,57715,14,70.7,9.1,0,3.5,0.4,0.3
48008,"Calgary Midnapore","AB","2019","Conservative",7507,50559,6445,0,1992,1585,0,0,68088,11,74.3,9.5,0,2.9,0,0
48009,"Calgary Nose Hill","AB","2019","Conservative",8703,38588,5304,0,1554,1089,0,71,55309,15.7,69.8,9.6,0,2.8,0,0.1
48010,"Calgary Rocky Ridge","AB","2019","Conservative",13012,48253,6051,0,2011,1053,270,0,70650,18.4,68.3,8.6,0,2.8,0.4,0
48011,"Calgary Shepard","AB","2019","Conservative",8644,58614,6828,0,2345,1709,0,0,78140,11.1,75,8.7,0,3,0,0
48012,"Calgary Signal Hill","AB","2019","Conservative",9722,44421,5355,0,2139,1130,0,711,63478,15.3,70,8.4,0,3.4,0,1.1
48013,"Calgary Skyview","AB","2019","Conservative",14327,26533,7540,0,800,603,0,749,50552,28.3,52.5,14.9,0,1.6,0,1.5
48014,"Edmonton Centre","AB","2019","Conservative",17524,22006,10959,0,1394,805,119,285,53092,33,41.4,20.6,0,2.6,0.2,0.5
48015,"Edmonton Griesbach","AB","2019","Conservative",8100,24120,11800,0,1189,1074,216,464,46963,17.2,51.4,25.1,0,2.5,0.5,1
48016,"Edmonton Manning","AB","2019","Conservative",11692,30425,9555,0,1255,1109,0,344,54380,21.5,55.9,17.6,0,2.3,0,0.6
48017,"Edmonton Mill Woods","AB","2019","Conservative",17879,26736,6422,0,968,953,0,219,53177,33.6,50.3,12.1,0,1.8,0,0.4
48018,"Edmonton Riverbend","AB","2019","Conservative",14038,35126,9332,0,1797,855,0,0,61148,23,57.4,15.3,0,2.9,0,0
48019,"Edmonton Strathcona","AB","2019","NDP",6592,21035,26823,0,1152,941,0,202,56745,11.6,37.1,47.3,0,2,0,0.4
48020,"Edmonton West","AB","2019","Conservative",11812,35719,8537,0,1441,1126,0,0,58635,20.1,60.9,14.6,0,2.5,0,0
48021,"Edmonton--Wetaskiwin","AB","2019","Conservative",10802,63346,9820,0,1660,1616,0,211,87455,12.4,72.4,11.2,0,1.9,0,0.2
48022,"Foothills","AB","2019","Conservative",3856,53872,3767,0,2398,1698,0,0,65591,5.9,82.1,5.7,0,3.7,0,0
48023,"Fort McMurray--Cold Lake","AB","2019","Conservative",4848,40706,2883,0,865,1674,0,0,50976,9.5,79.9,5.7,0,1.7,0,0
48024,"Grande Prairie--Mackenzie","AB","2019","Conservative",2910,51198,4245,0,1134,1492,0,0,60979,4.8,84,7,0,1.9,0,0
48025,"Lakeland","AB","2019","Conservative",2565,48314,3728,0,1105,1468,0,398,57578,4.5,83.9,6.5,0,1.9,0,0.7
48026,"Lethbridge","AB","2019","Conservative",8443,40713,9110,0,1939,1007,0,670,61882,13.6,65.8,14.7,0,3.1,0,1.1
48027,"Medicine Hat--Cardston--Warner","AB","2019","Conservative",3528,42045,4639,0,1203,1350,337,0,53102,6.6,79.2,8.7,0,2.3,0.6,0
48028,"Peace River--Westlock","AB","2019","Conservative",3148,41659,3886,0,1377,1579,0,0,51649,6.1,80.7,7.5,0,2.7,0,0
48029,"Red Deer--Mountain View","AB","2019","Conservative",3795,54765,4946,0,2026,2637,0,0,68169,5.6,80.3,7.3,0,3,0,0
48030,"Red Deer--Lacombe","AB","2019","Conservative",3540,53843,6012,0,1596,2453,0,0,67444,5.2,79.8,8.9,0,2.4,0,0
48031,"St. Albert--Edmonton","AB","2019","Conservative",12477,39506,9895,0,1594,1268,0,351,65091,19.2,60.7,15.2,0,2.4,0,0.5
48032,"Sherwood Park--Fort Saskatchewan","AB","2019","Conservative",7357,53600,8867,0,1592,1334,0,300,73050,10.1,73.4,12.1,0,2.2,0,0.4
48033,"Sturgeon River--Parkland","AB","2019","Conservative",4696,53235,6940,0,1745,1625,0,416,68657,6.8,77.5,10.1,0,2.5,0,0.6
48034,"Yellowhead","AB","2019","Conservative",2912,45964,3898,0,1272,1592,0,330,55968,5.2,82.1,7,0,2.3,0,0.6
59001,"Abbotsford","BC","2019","Conservative",10560,25162,8257,0,3702,985,0,270,48936,21.6,51.4,16.9,0,7.6,0,0.6
59002,"Burnaby North--Seymour","BC","2019","Liberal",17770,9734,16185,0,4801,1079,271,219,50059,35.5,19.4,32.3,0,9.6,0.5,0.4
59003,"Burnaby South","BC","2019","NDP",10706,13914,16956,0,2477,645,0,308,45006,23.8,30.9,37.7,0,5.5,0,0.7
59004,"Cariboo--Prince George","BC","2019","Conservative",10932,28848,8440,0,4998,1206,350,0,54774,20,52.7,15.4,0,9.1,0.6,0
59005,"Central Okanagan--Similkameen--Nicola","BC","2019","Conservative",16252,31135,10904,0,5086,1345,0,213,64935,25,47.9,16.8,0,7.8,0,0.3
59006,"Chilliwack--Hope","BC","2019","Conservative",10848,26672,8957,0,5243,1760,0,275,53755,20.2,49.6,16.7,0,9.8,0,0.5
59007,"Cloverdale--Langley City","BC","2019","Conservative",19542,20936,10508,0,3572,930,0,0,55488,35.2,37.7,18.9,0,6.4,0,0
59008,"Coquitlam--Port Coquitlam","BC","2019","Liberal",20178,19788,13383,0,4025,703,0,98,58175,34.7,34,23,0,6.9,0,0.2
59009,"Courtenay--Alberni","BC","2019","NDP",8620,23936,29790,0,9762,0,0,172,72280,11.9,33.1,41.2,0,13.5,0,0.2
59010,"Cowichan--Malahat--Langford","BC","2019","NDP",10301,16959,23519,0,13181,1066,0,202,65228,15.8,26,36.1,0,20.2,0,0.3
59011,"Delta","BC","2019","Liberal",22257,17809,8792,0,3387,948,783,0,53976,41.2,33,16.3,0,6.3,1.5,0
59012,"Fleetwood--Port Kells","BC","2019","Liberal",18401,16518,10533,0,2360,1093,0,0,48905,37.6,33.8,21.5,0,4.8,0,0
59013,"Kamloops--Thompson--Cariboo","BC","2019","Conservative",19716,32415,9936,0,8789,1132,0,465,72453,27.2,44.7,13.7,0,12.1,0,0.6
59014,"Kelowna--Lake Country","BC","2019","Conservative",22627,31497,8381,0,5171,1225,219,0,69120,32.7,45.6,12.1,0,7.5,0.3,0
59015,"Kootenay--Columbia","BC","2019","Conservative",6151,30168,23149,0,6145,1378,0,339,67330,9.1,44.8,34.4,0,9.1,0,0.5
59016,"Langley--Aldergrove","BC","2019","Conservative",16254,29823,10690,0,4881,1305,0,499,63452,25.6,47,16.8,0,7.7,0,0.8
59017,"Mission--Matsqui--Fraser Canyon","BC","2019","Conservative",12299,19535,8089,0,5019,1055,0,69,46066,26.7,42.4,17.6,0,10.9,0,0.1
59018,"Nanaimo--Ladysmith","BC","2019","Green",9735,18634,16985,0,24844,1049,306,311,71864,13.5,25.9,23.6,0,34.6,0.4,0.4
59019,"New Westminster--Burnaby","BC","2019","NDP",12414,11439,23437,0,4378,862,83,364,52977,23.4,21.6,44.2,0,8.3,0.2,0.7
59020,"North Okanagan--Shuswap","BC","2019","Conservative",16783,36154,11353,0,7828,2027,0,0,74145,22.6,48.8,15.3,0,10.6,0,0
59021,"North Vancouver","BC","2019","Liberal",26979,16908,10340,0,7868,835,0,0,62930,42.9,26.9,16.4,0,12.5,0,0
59022,"Pitt Meadows--Maple Ridge","BC","2019","Conservative",16125,19650,12958,0,4332,698,468,0,54231,29.7,36.2,23.9,0,8,0.9,0
59023,"Port Moody--Coquitlam","BC","2019","Conservative",15695,16855,16702,0,3873,821,0,57,54003,29.1,31.2,30.9,0,7.2,0,0.1
59024,"Prince George--Peace River--Northern Rockies","BC","2019","Conservative",6391,38473,5069,0,3448,1748,0,0,55129,11.6,69.8,9.2,0,6.3,0,0
59025,"Richmond Centre","BC","2019","Conservative",11052,19037,5617,0,2376,538,197,0,38817,28.5,49,14.5,0,6.1,0.5,0
59026,"Esquimalt--Saanich--Sooke","BC","2019","NDP",12554,13409,23887,0,18506,1089,282,398,70125,17.9,19.1,34.1,0,26.4,0.4,0.6
59027,"Saanich--Gulf Islands","BC","2019","Green",11326,13784,8657,0,33454,929,0,0,68150,16.6,20.2,12.7,0,49.1,0,0
59028,"Skeena--Bulkley Valley","BC","2019","NDP",4793,13756,16944,0,3280,940,321,1350,41384,11.6,33.2,40.9,0,7.9,0.8,3.3
59029,"South Okanagan--West Kootenay","BC","2019","NDP",11705,24013,24809,0,5672,1638,359,0,68196,17.2,35.2,36.4,0,8.3,0.5,0
59030,"South Surrey--White Rock","BC","2019","Conservative",21692,24310,6716,0,4458,852,0,0,58028,37.4,41.9,11.6,0,7.7,0,0
59031,"Steveston--Richmond East","BC","2019","Conservative",14731,17478,6321,0,2972,0,449,0,41951,35.1,41.7,15.1,0,7.1,1.1,0
59032,"Surrey Centre","BC","2019","Liberal",15453,10505,11353,0,2558,709,243,498,41319,37.4,25.4,27.5,0,6.2,0.6,1.2
59033,"Surrey--Newton","BC","2019","Liberal",18960,8824,12306,0,1355,653,0,0,42098,45,21,29.2,0,3.2,0,0
59034,"Vancouver Centre","BC","2019","Liberal",23599,10782,13280,0,7002,724,180,379,55946,42.2,19.3,23.7,0,12.5,0.3,0.7
59035,"Vancouver East","BC","2019","NDP",10085,6724,29236,0,8062,679,0,825,55611,18.1,12.1,52.6,0,14.5,0,1.5
59036,"Vancouver Granville","BC","2019","Liberal",14088,11605,6960,0,2683,431,17265,0,53032,26.6,21.9,13.1,0,5.1,32.6,0
59037,"North Island--Powell River","BC","2019","NDP",8251,20502,23834,0,8891,1102,287,48,62915,13.1,32.6,37.9,0,14.1,0.5,0.1
59038,"Vancouver Kingsway","BC","2019","NDP",10194,8804,21680,0,2675,427,0,383,44163,23.1,19.9,49.1,0,6.1,0,0.9
59039,"Vancouver Quadra","BC","2019","Liberal",22093,14082,7681,0,6308,428,162,0,50754,43.5,27.7,15.1,0,12.4,0.3,0
59040,"Vancouver South","BC","2019","Liberal",17808,14388,8015,0,2451,532,0,0,43194,41.2,33.3,18.6,0,5.7,0,0
59041,"Victoria","BC","2019","NDP",15952,9038,23765,0,21383,920,111,380,71549,22.3,12.6,33.2,0,29.9,0.2,0.5
59042,"West Vancouver--Sunshine Coast--Sea to Sky Country","BC","2019","Liberal",22673,17359,9027,0,14579,1010,159,173,64980,34.9,26.7,13.9,0,22.4,0.2,0.3
60001,"Yukon","YU","2019","Liberal",7034,6881,4617,0,2201,284,0,0,21017,33.5,32.7,22,0,10.5,0,0
61001,"Northwest Territories","NT","2019","Liberal",6467,4157,3640,0,1731,296,0,0,16291,39.7,25.5,22.3,0,10.6,0,0
62001,"Nunavut","NU","2019","NDP",2918,2469,3861,0,206,0,0,0,9454,30.9,26.1,40.8,0,2.2,0,0
